submission_time,Customer_Name,Customer_Email,Description,Status,Closed_Time,Employee_Name
2011-02-18 20:53:54,Cynthia Chavez,ctaylor0@squidoo.com,posuere cubilia curae mauris,Open,2011-04-18 20:53:54,Christopher Taylor
2013-05-18 08:59:31,Jeremy Price,rlee1@hugedomains.com,platea dictumst morbi vestibulum velit,Open,2013-07-18 08:59:31,Russell Lee
2012-10-31 16:02:08,Robin Gilbert,psimmons2@engadget.com,non mi integer ac neque duis bibendum,Closed,2012-12-31 16:02:08,Philip Simmons
2011-01-05 00:23:35,Susan Elliott,jwelch3@digg.com,amet sapien dignissim vestibulum vestibulum ante ipsum,Closed,2011-03-05 00:23:35,Joe Welch
2016-03-06 22:11:29,Howard Sullivan,brivera4@dell.com,sapien cursus vestibulum proin eu mi nulla ac,Closed,2016-05-06 22:11:29,Brandon Rivera
2015-07-01 05:16:56,Mark Dixon,amontgomery5@wordpress.org,rhoncus sed vestibulum sit amet cursus id turpis,Open,2015-09-01 05:16:56,Antonio Montgomery
2013-03-24 02:04:47,Jacqueline Chapman,ebarnes6@4shared.com,vel accumsan tellus nisi eu orci mauris lacinia,Closed,2013-05-24 02:04:47,Ernest Barnes
2013-10-14 08:22:01,Stephanie Simpson,mmurray7@timesonline.co.uk,mauris vulputate elementum nullam varius nulla,Closed,2013-12-14 08:22:01,Marilyn Murray
2013-06-10 10:30:11,Julie Phillips,apeters8@ucla.edu,leo pellentesque ultrices mattis odio donec vitae nisi,Open,2013-08-10 10:30:11,Adam Peters
2012-06-21 00:55:12,Juan Foster,bwashington9@jigsy.com,rhoncus mauris enim leo rhoncus sed vestibulum sit amet,Closed,2012-08-21 00:55:12,Beverly Washington
2012-06-04 20:06:35,Shawn Brown,lsancheza@hud.gov,dolor sit amet consectetuer adipiscing elit proin interdum mauris,Open,2012-08-04 20:06:35,Lillian Sanchez
2012-09-15 01:42:45,Brandon Gutierrez,ahayesb@indiatimes.com,cum sociis natoque penatibus et magnis dis parturient montes,Open,2012-11-15 01:42:45,Arthur Hayes
2009-10-23 12:03:14,Albert Gutierrez,acarterc@gmpg.org,sed vestibulum sit amet cursus id turpis integer,Closed,2009-12-23 12:03:14,Alan Carter
2011-06-05 20:34:54,Phyllis Burton,wlawrenced@intel.com,adipiscing elit proin risus praesent,Closed,2011-08-05 20:34:54,Walter Lawrence
2016-08-27 04:36:38,Larry Henderson,srobertse@ovh.net,duis bibendum felis sed interdum,Open,2016-10-27 04:36:38,Sharon Roberts
2015-04-11 22:31:09,Earl Simmons,pcarrf@ask.com,ultrices posuere cubilia curae donec pharetra magna vestibulum,Closed,2015-06-11 22:31:09,Phillip Carr
2010-11-04 00:23:56,Deborah Stevens,bfrazierg@photobucket.com,morbi ut odio cras mi pede malesuada in imperdiet et,Closed,2011-01-04 00:23:56,Brenda Frazier
2013-02-10 10:10:15,Tammy Carpenter,jsandersh@netlog.com,dolor quis odio consequat varius integer ac leo pellentesque ultrices,Closed,2013-04-10 10:10:15,Janet Sanders
2012-08-12 11:16:32,Clarence Hudson,amatthewsi@yandex.ru,volutpat erat quisque erat eros viverra,Open,2012-10-12 11:16:32,Antonio Matthews
2009-02-07 18:30:12,Joe Watson,nhudsonj@intel.com,maecenas leo odio condimentum id luctus nec molestie sed justo,Closed,2009-04-07 18:30:12,Nicholas Hudson
2008-11-11 12:19:34,Walter Peterson,brobertsk@mapquest.com,vestibulum sagittis sapien cum sociis natoque,Open,2009-01-11 12:19:34,Benjamin Roberts
2015-10-17 14:32:55,Diana Alexander,mfloresl@washington.edu,eleifend pede libero quis orci nullam molestie nibh in,Closed,2015-12-17 14:32:55,Maria Flores
2010-09-24 09:00:23,Randy Fowler,bhicksm@imageshack.us,non mattis pulvinar nulla,Open,2010-11-24 09:00:23,Bonnie Hicks
2014-01-09 00:18:21,Pamela Richardson,pmedinan@aboutads.info,sit amet nunc viverra dapibus nulla suscipit ligula in,Open,2014-03-09 00:18:21,Patrick Medina
2015-12-24 08:38:07,Helen Reyes,srileyo@columbia.edu,at nunc commodo placerat praesent blandit nam nulla integer,Open,2016-02-24 08:38:07,Sean Riley
2015-02-07 12:37:04,Keith Carroll,swebbp@shinystat.com,quisque erat eros viverra eget congue eget semper rutrum nulla,Open,2015-04-07 12:37:04,Sean Webb
2010-05-14 08:25:46,Gloria Brown,kdanielsq@shareasale.com,consectetuer adipiscing elit proin risus praesent,Open,2010-07-14 08:25:46,Kathy Daniels
2016-02-08 18:29:28,Betty Castillo,sramosr@answers.com,lacus at velit vivamus,Closed,2016-04-08 18:29:28,Shawn Ramos
2012-05-02 07:01:25,Billy Martin,erileys@washington.edu,sit amet eros suspendisse accumsan,Open,2012-07-02 07:01:25,Eric Riley
2014-05-03 20:37:08,Carol Franklin,abishopt@who.int,nulla nunc purus phasellus in,Closed,2014-07-03 20:37:08,Ashley Bishop
2009-12-24 23:18:40,Jean Mcdonald,cbennettu@angelfire.com,vel nulla eget eros,Open,2010-02-24 23:18:40,Cheryl Bennett
2011-11-02 04:04:41,Judy Cole,jelliottv@howstuffworks.com,tortor risus dapibus augue vel accumsan tellus,Open,2012-01-02 04:04:41,Jonathan Elliott
2010-03-20 21:35:12,Kevin Nichols,rmorrisw@bloomberg.com,at velit eu est congue,Open,2010-05-20 21:35:12,Rachel Morris
2009-04-24 02:18:17,Patricia Cole,awelchx@hao123.com,at ipsum ac tellus semper,Open,2009-06-24 02:18:17,Ashley Welch
2009-02-12 10:42:59,Karen Gray,dduncany@mediafire.com,amet turpis elementum ligula vehicula consequat morbi a ipsum integer,Closed,2009-04-12 10:42:59,Daniel Duncan
2015-10-29 23:05:23,Johnny Young,lrobinsonz@google.com,ut massa quis augue luctus tincidunt nulla,Closed,2015-12-29 23:05:23,Lillian Robinson
2010-01-06 13:51:27,Gregory Jenkins,cmedina10@buzzfeed.com,in leo maecenas pulvinar lobortis est phasellus,Open,2010-03-06 13:51:27,Chris Medina
2014-04-27 16:37:39,Juan Moore,afoster11@godaddy.com,curae donec pharetra magna,Open,2014-06-27 16:37:39,Albert Foster
2015-10-27 10:56:15,Kathleen Mcdonald,jjenkins12@walmart.com,volutpat eleifend donec ut dolor morbi vel lectus in quam,Closed,2015-12-27 10:56:15,Jerry Jenkins
2010-06-14 15:49:45,Janet Bennett,rprice13@fda.gov,vestibulum eget vulputate ut ultrices vel augue vestibulum ante ipsum,Closed,2010-08-14 15:49:45,Rebecca Price
2010-08-18 21:57:24,Ann Harvey,mholmes14@csmonitor.com,praesent blandit lacinia erat vestibulum,Open,2010-10-18 21:57:24,Martin Holmes
2014-05-26 16:45:37,Philip Fields,ahicks15@engadget.com,augue vestibulum rutrum rutrum neque aenean auctor gravida sem praesent,Open,2014-07-26 16:45:37,Arthur Hicks
2012-10-12 16:00:49,Shirley George,brivera16@dmoz.org,massa volutpat convallis morbi odio,Closed,2012-12-12 16:00:49,Beverly Rivera
2011-10-19 04:04:49,Henry Hamilton,tchavez17@fema.gov,turpis integer aliquet massa id lobortis convallis tortor risus,Closed,2011-12-19 04:04:49,Todd Chavez
2011-12-18 19:21:29,Bruce Ortiz,jhanson18@indiatimes.com,justo lacinia eget tincidunt eget tempus,Open,2012-02-18 19:21:29,Janet Hanson
2011-11-05 01:12:43,Douglas Andrews,lhughes19@mtv.com,ut volutpat sapien arcu sed augue aliquam erat volutpat in,Closed,2012-01-05 01:12:43,Laura Hughes
2012-11-02 17:36:31,Jean Cox,lwagner1a@vistaprint.com,semper sapien a libero nam dui,Closed,2013-01-02 17:36:31,Larry Wagner
2011-07-20 15:01:23,Lawrence Clark,ppeters1b@nydailynews.com,enim in tempor turpis nec euismod scelerisque quam turpis,Open,2011-09-20 15:01:23,Phyllis Peters
2015-09-25 21:32:42,Peter Bennett,dlewis1c@dailymotion.com,pharetra magna vestibulum aliquet ultrices erat tortor sollicitudin mi sit,Open,2015-11-25 21:32:42,Donna Lewis
2011-06-20 18:09:17,Melissa Kim,dsnyder1d@amazon.co.jp,non sodales sed tincidunt eu felis fusce posuere felis,Closed,2011-08-20 18:09:17,David Snyder
2013-09-23 11:46:24,Jason Collins,ehenderson1e@squarespace.com,pede justo lacinia eget tincidunt,Open,2013-11-23 11:46:24,Eric Henderson
2008-12-08 06:55:35,Melissa Hayes,kblack1f@bluehost.com,at nibh in hac habitasse platea dictumst aliquam augue,Closed,2009-02-08 06:55:35,Katherine Black
2011-08-23 23:12:04,Lawrence Ramos,jfields1g@toplist.cz,nam nulla integer pede justo lacinia eget,Closed,2011-10-23 23:12:04,Jessica Fields
2008-09-10 09:56:15,Kathryn Black,sbailey1h@squarespace.com,urna pretium nisl ut volutpat sapien arcu sed augue aliquam,Closed,2008-11-10 09:56:15,Sandra Bailey
2014-02-25 20:01:37,Teresa Young,emorris1i@gov.uk,convallis tortor risus dapibus augue,Closed,2014-04-25 20:01:37,Elizabeth Morris
2010-10-22 11:59:31,Annie Fernandez,swalker1j@behance.net,lobortis sapien sapien non mi integer ac neque,Closed,2010-12-22 11:59:31,Shirley Walker
2015-03-15 21:26:54,Rose Lopez,ncook1k@prnewswire.com,sapien cursus vestibulum proin,Open,2015-05-15 21:26:54,Norma Cook
2009-07-02 18:43:15,Brian Fields,amurphy1l@issuu.com,pede ullamcorper augue a suscipit nulla elit ac nulla sed,Open,2009-09-02 18:43:15,Anne Murphy
2012-04-03 20:07:05,Lawrence Reyes,cwalker1m@aboutads.info,metus arcu adipiscing molestie hendrerit at vulputate vitae nisl,Open,2012-06-03 20:07:05,Carlos Walker
2009-03-04 09:53:15,Harold Olson,hcook1n@foxnews.com,etiam faucibus cursus urna,Open,2009-05-04 09:53:15,Harry Cook
2012-05-28 16:16:07,Victor Cunningham,jparker1o@geocities.com,porttitor pede justo eu massa donec dapibus duis,Open,2012-07-28 16:16:07,Jesse Parker
2014-05-30 23:37:42,Frank Ross,djones1p@mapquest.com,proin interdum mauris non,Closed,2014-07-30 23:37:42,Denise Jones
2008-12-18 18:07:35,Alan Cox,rsnyder1q@wordpress.org,dui vel sem sed sagittis nam congue,Closed,2009-02-18 18:07:35,Roy Snyder
2011-09-18 17:47:08,Jesse Hudson,spowell1r@digg.com,vivamus vel nulla eget eros elementum,Open,2011-11-18 17:47:08,Steve Powell
2013-06-20 05:22:49,Mark Mcdonald,hwhite1s@ucoz.com,ut massa quis augue luctus tincidunt nulla mollis molestie lorem,Open,2013-08-20 05:22:49,Harold White
2013-10-10 18:10:47,Anne Pierce,jharrison1t@elpais.com,proin at turpis a,Closed,2013-12-10 18:10:47,Justin Harrison
2012-10-30 12:19:39,Mary Simmons,cclark1u@alexa.com,feugiat non pretium quis lectus suspendisse potenti in,Open,2012-12-30 12:19:39,Cynthia Clark
2013-02-15 21:07:47,Anthony Larson,falvarez1v@dailymail.co.uk,quis orci eget orci vehicula condimentum curabitur in libero,Closed,2013-04-15 21:07:47,Fred Alvarez
2015-05-27 01:27:48,Earl Stone,rphillips1w@facebook.com,sollicitudin ut suscipit a feugiat et eros vestibulum,Open,2015-07-27 01:27:48,Richard Phillips
2009-01-06 15:40:00,Sean Morris,dchavez1x@bing.com,vel nisl duis ac nibh fusce lacus,Closed,2009-03-06 15:40:00,Dorothy Chavez
2014-05-24 09:31:38,Rose Moore,fcarpenter1y@yandex.ru,pede ullamcorper augue a suscipit nulla elit ac nulla sed,Open,2014-07-24 09:31:38,Frances Carpenter
2013-05-20 19:36:42,Robin Alexander,pwilliams1z@bbc.co.uk,nullam varius nulla facilisi cras non,Open,2013-07-20 19:36:42,Pamela Williams
2012-03-08 14:29:07,Susan Jordan,jfuller20@nps.gov,in hac habitasse platea,Open,2012-05-08 14:29:07,Jonathan Fuller
2016-07-28 11:03:03,Henry Nguyen,cmills21@purevolume.com,non mi integer ac neque duis bibendum morbi non quam,Open,2016-09-28 11:03:03,Christopher Mills
2011-02-11 08:32:00,Stephanie Rose,kbryant22@over-blog.com,volutpat dui maecenas tristique,Open,2011-04-11 08:32:00,Keith Bryant
2013-10-24 05:11:46,Anna Bell,cgrant23@dyndns.org,in consequat ut nulla sed accumsan,Closed,2013-12-24 05:11:46,Carlos Grant
2015-10-16 15:42:46,Lois Cruz,ecarpenter24@netscape.com,fermentum donec ut mauris eget massa tempor convallis nulla neque,Open,2015-12-16 15:42:46,Eric Carpenter
2016-02-24 03:48:25,Scott Austin,abailey25@amazon.co.jp,erat vestibulum sed magna at nunc,Open,2016-04-24 03:48:25,Andrea Bailey
2009-02-04 08:52:58,Matthew Diaz,jrose26@behance.net,dignissim vestibulum vestibulum ante ipsum primis in faucibus,Closed,2009-04-04 08:52:58,Joan Rose
2012-05-23 09:39:55,Judy Banks,wblack27@histats.com,et ultrices posuere cubilia curae,Open,2012-07-23 09:39:55,Wanda Black
2014-04-16 02:09:35,Mildred Hunt,parmstrong28@xrea.com,odio porttitor id consequat,Closed,2014-06-16 02:09:35,Peter Armstrong
2012-10-06 08:20:40,Donald Griffin,harmstrong29@altervista.org,integer tincidunt ante vel ipsum praesent blandit,Open,2012-12-06 08:20:40,Heather Armstrong
2011-02-11 21:22:29,Eugene Hernandez,bburke2a@nsw.gov.au,dictumst aliquam augue quam sollicitudin vitae consectetuer eget,Open,2011-04-11 21:22:29,Barbara Burke
2011-11-01 22:03:55,Ruth Ferguson,cking2b@hexun.com,interdum mauris ullamcorper purus sit amet nulla,Closed,2012-01-01 22:03:55,Charles King
2013-11-09 05:40:54,Mildred Matthews,vrivera2c@spotify.com,phasellus sit amet erat,Open,2014-01-09 05:40:54,Virginia Rivera
2010-11-08 01:10:55,Douglas Mason,mgreen2d@posterous.com,ac lobortis vel dapibus at diam,Closed,2011-01-08 01:10:55,Mark Green
2012-09-09 02:50:55,Nicole Lee,fgardner2e@creativecommons.org,laoreet ut rhoncus aliquet,Open,2012-11-09 02:50:55,Frank Gardner
2015-05-21 21:18:52,Marilyn Peters,aferguson2f@google.co.uk,commodo vulputate justo in blandit ultrices enim,Open,2015-07-21 21:18:52,Angela Ferguson
2013-10-20 07:26:51,Frances Gutierrez,dhunter2g@google.ru,vestibulum sed magna at nunc commodo,Open,2013-12-20 07:26:51,Donna Hunter
2014-08-21 01:28:58,Norma Ruiz,jcox2h@github.com,pede ac diam cras pellentesque volutpat dui maecenas tristique est,Open,2014-10-21 01:28:58,Jason Cox
2015-04-30 16:28:51,Kelly Parker,cmurray2i@cornell.edu,fusce lacus purus aliquet,Closed,2015-06-30 16:28:51,Carol Murray
2009-06-21 10:08:17,Jean Greene,dpowell2j@vimeo.com,nisl ut volutpat sapien arcu sed augue aliquam erat volutpat,Open,2009-08-21 10:08:17,Diane Powell
2009-02-12 14:21:00,Theresa Mendoza,cyoung2k@indiegogo.com,et ultrices posuere cubilia curae mauris viverra diam vitae quam,Open,2009-04-12 14:21:00,Cynthia Young
2012-02-19 22:17:08,Gary Edwards,bhart2l@tamu.edu,lacus morbi sem mauris laoreet ut rhoncus aliquet pulvinar,Open,2012-04-19 22:17:08,Barbara Hart
2014-04-05 03:19:57,Karen Green,aturner2m@icq.com,vestibulum quam sapien varius ut blandit non,Closed,2014-06-05 03:19:57,Anna Turner
2014-05-18 16:47:28,Joshua Thomas,ksmith2n@amazonaws.com,nullam porttitor lacus at turpis donec posuere metus vitae,Closed,2014-07-18 16:47:28,Karen Smith
2009-07-24 10:55:51,Matthew Gardner,jnichols2o@fotki.com,ultrices vel augue vestibulum ante ipsum primis,Closed,2009-09-24 10:55:51,Jacqueline Nichols
2015-11-22 10:28:39,Shirley Rose,ejohnston2p@state.gov,leo odio condimentum id luctus nec molestie sed justo pellentesque,Closed,2016-01-22 10:28:39,Edward Johnston
2015-04-12 23:49:40,Kathy Olson,astone2q@dagondesign.com,ornare imperdiet sapien urna pretium nisl ut volutpat,Closed,2015-06-12 23:49:40,Arthur Stone
2011-02-03 01:01:08,Carlos Perry,marmstrong2r@gizmodo.com,volutpat erat quisque erat eros viverra,Closed,2011-04-03 01:01:08,Martin Armstrong
2016-08-08 12:22:04,Evelyn Graham,jmeyer2s@nydailynews.com,vestibulum rutrum rutrum neque aenean auctor,Open,2016-10-08 12:22:04,Johnny Meyer
2016-06-22 18:08:19,Denise Martin,tpalmer2t@dell.com,fermentum justo nec condimentum neque sapien placerat,Open,2016-08-22 18:08:19,Timothy Palmer
2010-10-28 03:00:47,Gloria Willis,lray2u@over-blog.com,sed tincidunt eu felis fusce posuere,Open,2010-12-28 03:00:47,Lawrence Ray
2010-06-01 08:42:00,Maria Washington,wgraham2v@scribd.com,ultrices phasellus id sapien in,Open,2010-08-01 08:42:00,Wayne Graham
2012-01-19 14:27:20,Joe Thomas,jmiller2w@sohu.com,laoreet ut rhoncus aliquet pulvinar sed nisl nunc rhoncus,Closed,2012-03-19 14:27:20,Jose Miller
2008-09-27 10:30:14,Gloria Stewart,aphillips2x@plala.or.jp,tincidunt lacus at velit vivamus,Closed,2008-11-27 10:30:14,Andrea Phillips
2014-11-28 14:44:09,Paul Kelly,trogers2y@sogou.com,nibh in hac habitasse platea dictumst aliquam,Open,2015-01-28 14:44:09,Thomas Rogers
2014-03-26 04:31:00,Kevin Simmons,pfranklin2z@washington.edu,morbi vel lectus in quam fringilla rhoncus mauris,Closed,2014-05-26 04:31:00,Patricia Franklin
2012-06-20 03:28:06,Kelly Anderson,raustin30@lulu.com,lectus in est risus auctor sed,Open,2012-08-20 03:28:06,Ruth Austin
2015-09-14 22:43:39,Walter Gordon,creed31@bing.com,cursus id turpis integer aliquet massa,Closed,2015-11-14 22:43:39,Cheryl Reed
2012-01-28 13:14:48,Steve George,rfuller32@google.co.jp,lorem ipsum dolor sit amet consectetuer adipiscing elit proin,Closed,2012-03-28 13:14:48,Ruth Fuller
2011-02-05 07:16:57,Anne Meyer,nstevens33@elpais.com,scelerisque mauris sit amet eros suspendisse accumsan tortor quis,Open,2011-04-05 07:16:57,Nancy Stevens
2010-10-24 19:21:53,Justin Franklin,brichardson34@yellowbook.com,libero nullam sit amet turpis elementum ligula vehicula,Closed,2010-12-24 19:21:53,Billy Richardson
2012-11-02 17:07:53,Patricia Sanders,jhawkins35@symantec.com,praesent id massa id nisl venenatis lacinia aenean,Closed,2013-01-02 17:07:53,Judy Hawkins
2009-05-05 03:15:19,Norma Mccoy,cgilbert36@unblog.fr,donec diam neque vestibulum eget vulputate ut,Closed,2009-07-05 03:15:19,Christopher Gilbert
2008-12-15 04:45:38,Carlos Hart,jwilson37@ibm.com,rhoncus aliquet pulvinar sed nisl nunc rhoncus dui,Closed,2009-02-15 04:45:38,Jimmy Wilson
2012-01-07 20:28:11,Paula Howell,hsullivan38@earthlink.net,dui vel nisl duis,Open,2012-03-07 20:28:11,Howard Sullivan
2009-08-28 01:06:56,Rachel Moreno,ahansen39@nps.gov,lorem ipsum dolor sit,Open,2009-10-28 01:06:56,Albert Hansen
2014-01-02 23:50:35,Janice Franklin,sgrant3a@cornell.edu,velit vivamus vel nulla eget eros elementum,Closed,2014-03-02 23:50:35,Sandra Grant
2014-11-22 21:38:53,Russell Jacobs,wharris3b@mtv.com,in hac habitasse platea dictumst maecenas ut,Open,2015-01-22 21:38:53,Walter Harris
2016-02-12 22:17:51,Ronald Morrison,tlawrence3c@github.io,dictumst etiam faucibus cursus urna ut,Closed,2016-04-12 22:17:51,Teresa Lawrence
2012-02-22 21:55:15,Bruce Murphy,jwells3d@imgur.com,eu orci mauris lacinia sapien,Closed,2012-04-22 21:55:15,Judith Wells
2011-12-11 04:26:45,Virginia Vasquez,ajackson3e@cargocollective.com,eleifend luctus ultricies eu nibh quisque,Closed,2012-02-11 04:26:45,Antonio Jackson
2015-10-13 19:29:43,Jessica Burton,redwards3f@linkedin.com,metus vitae ipsum aliquam non,Open,2015-12-13 19:29:43,Rose Edwards
2009-03-18 09:15:03,Martha Howell,fwhite3g@vkontakte.ru,in porttitor pede justo eu massa donec dapibus duis at,Open,2009-05-18 09:15:03,Frances White
2014-03-28 02:29:16,Jason Carter,ahoward3h@netvibes.com,pellentesque quisque porta volutpat erat quisque erat eros viverra eget,Open,2014-05-28 02:29:16,Annie Howard
2012-09-11 12:49:10,Gloria Dunn,eweaver3i@mashable.com,molestie lorem quisque ut erat curabitur gravida nisi at nibh,Open,2012-11-11 12:49:10,Eugene Weaver
2016-04-30 11:36:41,Justin Young,earmstrong3j@addtoany.com,sapien arcu sed augue aliquam erat volutpat in congue,Closed,2016-06-30 11:36:41,Evelyn Armstrong
2012-04-13 01:00:09,Charles Coleman,mking3k@feedburner.com,metus sapien ut nunc vestibulum ante ipsum,Open,2012-06-13 01:00:09,Mark King
2010-07-16 22:35:26,Rose Fowler,kwallace3l@clickbank.net,tristique in tempus sit amet,Open,2010-09-16 22:35:26,Katherine Wallace
2008-09-14 16:39:06,Jacqueline Cole,jholmes3m@goodreads.com,tristique fusce congue diam id ornare imperdiet sapien,Open,2008-11-14 16:39:06,Jessica Holmes
2016-05-03 20:34:15,Craig Watkins,jcole3n@nhs.uk,id massa id nisl venenatis lacinia aenean sit amet,Open,2016-07-03 20:34:15,Judith Cole
2015-07-20 02:01:47,Jeffrey Burke,acarroll3o@oracle.com,maecenas rhoncus aliquam lacus morbi quis tortor id nulla ultrices,Closed,2015-09-20 02:01:47,Alice Carroll
2011-03-18 13:30:20,Carl Garza,wlynch3p@drupal.org,lorem ipsum dolor sit,Open,2011-05-18 13:30:20,Wanda Lynch
2014-02-07 00:51:05,Susan Smith,jfreeman3q@bizjournals.com,ut massa quis augue luctus tincidunt nulla mollis molestie lorem,Open,2014-04-07 00:51:05,Julia Freeman
2014-11-16 11:19:49,Craig Diaz,phill3r@adobe.com,eu massa donec dapibus duis at,Closed,2015-01-16 11:19:49,Peter Hill
2016-05-12 03:07:05,Stephanie Russell,wgray3s@hatena.ne.jp,et magnis dis parturient montes nascetur ridiculus mus,Open,2016-07-12 03:07:05,Willie Gray
2015-10-06 10:14:02,Benjamin Armstrong,efrazier3t@naver.com,amet eros suspendisse accumsan tortor,Closed,2015-12-06 10:14:02,Emily Frazier
2013-03-19 17:11:19,Gerald Flores,snguyen3u@cargocollective.com,maecenas ut massa quis augue luctus tincidunt nulla mollis molestie,Open,2013-05-19 17:11:19,Sara Nguyen
2009-04-12 11:12:57,Linda Cruz,kandrews3v@multiply.com,curae duis faucibus accumsan odio curabitur,Open,2009-06-12 11:12:57,Kimberly Andrews
2012-10-05 18:00:45,Paul Fisher,amurray3w@oracle.com,vestibulum quam sapien varius ut blandit,Open,2012-12-05 18:00:45,Anne Murray
2010-11-21 13:03:35,Richard Burns,jdunn3x@paginegialle.it,augue aliquam erat volutpat in congue etiam justo etiam pretium,Open,2011-01-21 13:03:35,Juan Dunn
2015-01-26 21:54:12,Justin Rivera,srodriguez3y@gov.uk,elementum nullam varius nulla facilisi,Open,2015-03-26 21:54:12,Steve Rodriguez
2016-07-09 05:35:18,Brandon Nelson,gkennedy3z@vk.com,lacus morbi sem mauris laoreet ut rhoncus aliquet pulvinar sed,Open,2016-09-09 05:35:18,Gloria Kennedy
2013-09-27 15:47:19,Roy Ramirez,lharvey40@last.fm,libero nam dui proin leo,Closed,2013-11-27 15:47:19,Lisa Harvey
2014-08-08 12:32:14,Patricia Montgomery,gowens41@cisco.com,quam a odio in hac habitasse platea,Open,2014-10-08 12:32:14,George Owens
2016-06-07 22:04:45,Stephanie Palmer,wweaver42@businessweek.com,ac leo pellentesque ultrices mattis odio donec,Open,2016-08-07 22:04:45,William Weaver
2011-09-12 00:55:35,Jennifer Peters,ialexander43@fotki.com,quis orci eget orci vehicula,Open,2011-11-12 00:55:35,Irene Alexander
2008-10-01 13:55:46,Lillian Harris,mburke44@gov.uk,arcu adipiscing molestie hendrerit at vulputate,Open,2008-12-01 13:55:46,Matthew Burke
2014-03-21 01:34:35,Michelle Howell,cspencer45@theglobeandmail.com,euismod scelerisque quam turpis adipiscing lorem vitae,Closed,2014-05-21 01:34:35,Cynthia Spencer
2010-10-05 13:09:38,Ralph Brooks,jreed46@spiegel.de,libero nullam sit amet,Closed,2010-12-05 13:09:38,Jonathan Reed
2013-02-21 17:58:30,Samuel Dixon,sdaniels47@google.ru,dapibus augue vel accumsan tellus nisi,Closed,2013-04-21 17:58:30,Sean Daniels
2010-04-18 19:20:29,Karen Cole,salvarez48@pagesperso-orange.fr,id consequat in consequat ut,Open,2010-06-18 19:20:29,Sharon Alvarez
2009-06-26 09:43:43,Timothy Baker,wkennedy49@deviantart.com,rhoncus sed vestibulum sit amet cursus id,Closed,2009-08-26 09:43:43,Wayne Kennedy
2012-12-06 16:54:51,Harold Campbell,pfoster4a@booking.com,consequat lectus in est risus auctor sed tristique,Closed,2013-02-06 16:54:51,Patrick Foster
2014-11-25 23:26:18,Lois Gardner,dhowell4b@hud.gov,vestibulum aliquet ultrices erat tortor sollicitudin mi sit amet lobortis,Open,2015-01-25 23:26:18,Diane Howell
2009-06-16 16:54:15,Terry Owens,dgonzalez4c@vinaora.com,nec molestie sed justo pellentesque viverra pede ac diam cras,Open,2009-08-16 16:54:15,Dorothy Gonzalez
2010-07-27 04:09:39,Daniel Grant,wstone4d@issuu.com,pulvinar sed nisl nunc rhoncus dui vel,Closed,2010-09-27 04:09:39,Walter Stone
2014-09-25 07:06:24,Ronald Rodriguez,jbailey4e@instagram.com,quam sollicitudin vitae consectetuer eget,Open,2014-11-25 07:06:24,Joseph Bailey
2013-11-14 02:18:24,Bobby Alexander,asimmons4f@sakura.ne.jp,cubilia curae mauris viverra diam vitae quam suspendisse potenti,Closed,2014-01-14 02:18:24,Ann Simmons
2015-10-26 19:20:24,Jose Walker,rmccoy4g@disqus.com,porttitor lacus at turpis donec posuere metus vitae,Closed,2015-12-26 19:20:24,Ryan Mccoy
2010-08-24 07:31:07,Diana Reed,rbutler4h@huffingtonpost.com,vitae nisi nam ultrices libero non,Open,2010-10-24 07:31:07,Richard Butler
2015-09-03 12:29:01,Victor Olson,rrice4i@answers.com,eu est congue elementum in hac habitasse platea,Closed,2015-11-03 12:29:01,Raymond Rice
2010-06-15 17:18:29,Diane Kennedy,hfoster4j@ucla.edu,est quam pharetra magna ac consequat metus sapien ut,Closed,2010-08-15 17:18:29,Heather Foster
2010-01-28 12:10:07,Donald Pierce,tlopez4k@cbslocal.com,lacinia erat vestibulum sed magna at nunc commodo placerat praesent,Closed,2010-03-28 12:10:07,Theresa Lopez
2015-03-24 04:16:48,Kathryn Spencer,creyes4l@netlog.com,vestibulum ante ipsum primis in,Closed,2015-05-24 04:16:48,Chris Reyes
2010-01-25 09:58:50,Virginia Phillips,rwoods4m@goo.ne.jp,volutpat convallis morbi odio odio elementum eu interdum eu,Open,2010-03-25 09:58:50,Ruby Woods
2014-12-26 09:43:55,Dennis Austin,jjames4n@princeton.edu,amet nulla quisque arcu libero rutrum,Closed,2015-02-26 09:43:55,Jeffrey James
2011-08-24 08:14:28,Joseph Stephens,kfisher4o@e-recht24.de,quam turpis adipiscing lorem vitae mattis nibh ligula,Open,2011-10-24 08:14:28,Kathy Fisher
2013-09-27 03:29:05,Douglas Nichols,cmorris4p@nps.gov,nulla facilisi cras non velit nec,Open,2013-11-27 03:29:05,Carol Morris
2010-12-08 16:05:47,Julie Day,radams4q@smugmug.com,nulla suspendisse potenti cras in purus eu magna vulputate,Open,2011-02-08 16:05:47,Robert Adams
2013-06-22 15:43:25,Virginia Wagner,rjordan4r@artisteer.com,leo odio condimentum id luctus nec molestie sed justo pellentesque,Closed,2013-08-22 15:43:25,Ronald Jordan
2013-10-23 08:16:50,Kevin Howard,swright4s@comcast.net,tempus semper est quam pharetra magna ac consequat metus sapien,Open,2013-12-23 08:16:50,Shawn Wright
2012-03-14 01:27:01,Victor Walker,bhughes4t@yahoo.co.jp,ac leo pellentesque ultrices mattis odio,Open,2012-05-14 01:27:01,Bonnie Hughes
2015-11-24 11:09:10,Joshua Carroll,pwhite4u@mozilla.org,maecenas ut massa quis augue luctus tincidunt nulla,Open,2016-01-24 11:09:10,Pamela White
2016-06-21 04:09:58,Mary Harris,arichards4v@prweb.com,vivamus vestibulum sagittis sapien cum sociis,Open,2016-08-21 04:09:58,Amy Richards
2012-05-27 02:18:16,Paul Ferguson,mwest4w@webs.com,consequat varius integer ac,Closed,2012-07-27 02:18:16,Margaret West
2012-01-02 01:50:27,Gerald Butler,efisher4x@apache.org,a feugiat et eros vestibulum,Closed,2012-03-02 01:50:27,Earl Fisher
2009-04-18 19:42:40,Evelyn Reyes,jgonzales4y@senate.gov,quis turpis sed ante vivamus tortor duis mattis,Closed,2009-06-18 19:42:40,Joan Gonzales
2011-03-02 03:27:23,Lois Burke,rrodriguez4z@guardian.co.uk,maecenas leo odio condimentum id luctus nec molestie,Closed,2011-05-02 03:27:23,Ruby Rodriguez
2014-06-01 21:24:03,Donald Oliver,mcook50@gmpg.org,non pretium quis lectus suspendisse potenti in,Open,2014-08-01 21:24:03,Mark Cook
2008-09-08 02:19:12,Sean Parker,jpalmer51@ted.com,sit amet justo morbi ut odio,Closed,2008-11-08 02:19:12,Jesse Palmer
2013-10-30 08:48:46,Alice Little,gfrazier52@e-recht24.de,elit proin risus praesent lectus vestibulum quam,Open,2013-12-30 08:48:46,Gloria Frazier
2015-06-24 12:12:03,Joan Adams,acrawford53@gravatar.com,tincidunt in leo maecenas pulvinar,Closed,2015-08-24 12:12:03,Ashley Crawford
2014-03-14 11:16:46,Howard Stephens,aramos54@pen.io,justo etiam pretium iaculis justo in,Open,2014-05-14 11:16:46,Andrea Ramos
2012-10-04 14:36:20,Lisa Anderson,swhite55@tripod.com,mus vivamus vestibulum sagittis sapien cum,Closed,2012-12-04 14:36:20,Stephen White
2014-02-13 00:08:11,Debra Miller,awatson56@prnewswire.com,orci pede venenatis non sodales sed tincidunt eu felis fusce,Closed,2014-04-13 00:08:11,Anthony Watson
2009-06-12 13:15:06,Judith Montgomery,mlarson57@gnu.org,maecenas tincidunt lacus at velit,Closed,2009-08-12 13:15:06,Mark Larson
2014-04-30 12:33:37,Donald Schmidt,jromero58@etsy.com,semper interdum mauris ullamcorper purus sit amet nulla,Open,2014-06-30 12:33:37,Joe Romero
2015-06-02 02:52:17,Judith Scott,tolson59@google.co.jp,duis aliquam convallis nunc proin at turpis a pede,Open,2015-08-02 02:52:17,Terry Olson
2010-03-08 03:26:19,Steven Lewis,smurphy5a@yolasite.com,dapibus at diam nam tristique tortor eu,Closed,2010-05-08 03:26:19,Stephen Murphy
2013-09-15 08:11:25,Lawrence Bishop,jbanks5b@nifty.com,metus vitae ipsum aliquam non mauris morbi non lectus aliquam,Closed,2013-11-15 08:11:25,Joan Banks
2009-08-25 17:16:07,Kathy Kelley,bwilliams5c@last.fm,odio donec vitae nisi nam ultrices libero non,Open,2009-10-25 17:16:07,Betty Williams
2014-02-12 18:56:10,Richard Perkins,dperry5d@tamu.edu,sapien non mi integer ac neque,Closed,2014-04-12 18:56:10,Debra Perry
2010-04-15 14:36:48,Ralph Dixon,mfranklin5e@marketwatch.com,a libero nam dui proin leo odio porttitor id,Closed,2010-06-15 14:36:48,Melissa Franklin
2015-08-10 22:52:21,Jean Sanchez,dcole5f@diigo.com,rutrum nulla nunc purus phasellus in felis,Open,2015-10-10 22:52:21,Deborah Cole
2009-01-21 03:27:15,Kenneth Jones,cramirez5g@xing.com,lacus purus aliquet at feugiat non pretium quis lectus,Closed,2009-03-21 03:27:15,Carol Ramirez
2013-02-27 00:11:24,Kenneth Hayes,nlewis5h@yahoo.co.jp,sit amet sem fusce consequat nulla nisl nunc nisl duis,Closed,2013-04-27 00:11:24,Norma Lewis
2010-05-31 07:49:02,Robert Russell,sroberts5i@blogtalkradio.com,ac nibh fusce lacus,Closed,2010-07-31 07:49:02,Sean Roberts
2015-08-13 01:11:52,George Crawford,jjacobs5j@1688.com,sociis natoque penatibus et magnis dis parturient montes nascetur ridiculus,Open,2015-10-13 01:11:52,Joyce Jacobs
2010-07-12 02:08:45,Kimberly Fowler,brose5k@godaddy.com,tincidunt in leo maecenas pulvinar lobortis,Closed,2010-09-12 02:08:45,Brian Rose
2016-06-19 08:51:03,Dennis Peterson,jwillis5l@imdb.com,libero non mattis pulvinar nulla pede ullamcorper augue,Closed,2016-08-19 08:51:03,Jerry Willis
2012-08-08 13:45:01,Larry Taylor,dsims5m@sciencedirect.com,sit amet consectetuer adipiscing elit proin interdum mauris non,Closed,2012-10-08 13:45:01,Doris Sims
2011-10-21 18:29:33,Mildred Smith,ralvarez5n@mysql.com,vestibulum quam sapien varius ut blandit non,Open,2011-12-21 18:29:33,Rose Alvarez
2013-05-28 20:36:36,Antonio Anderson,flawson5o@youku.com,luctus et ultrices posuere cubilia curae mauris viverra diam,Open,2013-07-28 20:36:36,Fred Lawson
2013-11-07 16:48:00,Antonio Turner,ssimmons5p@whitehouse.gov,nibh in hac habitasse platea dictumst aliquam augue,Open,2014-01-07 16:48:00,Samuel Simmons
2015-03-12 22:12:35,Jerry Wood,cpeters5q@delicious.com,ut mauris eget massa tempor convallis nulla,Open,2015-05-12 22:12:35,Cynthia Peters
2015-07-16 21:27:12,Steve Reed,jgonzalez5r@businesswire.com,purus phasellus in felis donec semper sapien,Open,2015-09-16 21:27:12,Jerry Gonzalez
2009-07-25 14:30:02,William Burns,ncarter5s@behance.net,in sapien iaculis congue vivamus,Closed,2009-09-25 14:30:02,Nancy Carter
2010-05-04 15:43:09,Alan Howard,cfox5t@webmd.com,ut erat curabitur gravida nisi at,Closed,2010-07-04 15:43:09,Catherine Fox
2016-08-05 09:06:18,Benjamin Chapman,tdunn5u@typepad.com,amet sem fusce consequat nulla nisl nunc,Open,2016-10-05 09:06:18,Timothy Dunn
2011-02-14 23:39:42,John Alexander,jreid5v@businessinsider.com,pede justo lacinia eget tincidunt eget tempus vel,Closed,2011-04-14 23:39:42,Johnny Reid
2010-04-02 21:16:21,Juan Burton,fbarnes5w@1688.com,non quam nec dui luctus rutrum nulla tellus,Closed,2010-06-02 21:16:21,Frances Barnes
2012-10-24 15:54:28,Julie Cooper,ssullivan5x@printfriendly.com,facilisi cras non velit nec nisi vulputate nonummy maecenas,Closed,2012-12-24 15:54:28,Sarah Sullivan
2011-11-23 07:49:50,Scott Fox,jbryant5y@drupal.org,volutpat dui maecenas tristique est et tempus,Open,2012-01-23 07:49:50,Joseph Bryant
2014-07-08 06:22:24,Fred Bennett,chenry5z@uiuc.edu,non velit nec nisi vulputate nonummy maecenas tincidunt,Closed,2014-09-08 06:22:24,Catherine Henry
2016-08-14 03:49:04,David Stevens,dyoung60@jalbum.net,donec semper sapien a libero nam dui proin,Closed,2016-10-14 03:49:04,Douglas Young
2015-04-23 05:39:50,Beverly Watson,pfox61@sphinn.com,commodo vulputate justo in blandit ultrices enim lorem ipsum,Closed,2015-06-23 05:39:50,Pamela Fox
2011-05-29 12:06:47,Edward Woods,lcruz62@paypal.com,nullam porttitor lacus at,Open,2011-07-29 12:06:47,Lois Cruz
2010-04-27 13:18:05,Mildred Lee,jruiz63@fema.gov,lacus at turpis donec posuere metus vitae ipsum aliquam,Open,2010-06-27 13:18:05,Julia Ruiz
2016-04-30 14:44:49,Christina Bishop,wmyers64@t-online.de,ac neque duis bibendum morbi non quam nec dui,Open,2016-06-30 14:44:49,Walter Myers
2012-02-14 20:42:00,Joseph Sullivan,tadams65@nasa.gov,vestibulum sed magna at nunc commodo placerat praesent blandit nam,Open,2012-04-14 20:42:00,Teresa Adams
2015-04-07 12:07:57,Howard Stone,aray66@sourceforge.net,aliquet maecenas leo odio condimentum id luctus,Open,2015-06-07 12:07:57,Angela Ray
2014-09-04 09:19:04,Roy Weaver,dhunter67@xinhuanet.com,turpis integer aliquet massa id lobortis convallis,Closed,2014-11-04 09:19:04,Douglas Hunter
2009-05-03 12:02:40,Jennifer Palmer,jstephens68@sciencedirect.com,lacus morbi quis tortor id nulla,Closed,2009-07-03 12:02:40,Jimmy Stephens
2015-12-09 15:49:19,Randy Larson,dmeyer69@delicious.com,nec nisi volutpat eleifend donec,Closed,2016-02-09 15:49:19,Denise Meyer
2016-07-18 05:51:07,George Weaver,bryan6a@symantec.com,lacinia nisi venenatis tristique fusce congue diam,Closed,2016-09-18 05:51:07,Betty Ryan
2010-08-16 19:29:07,Terry Welch,mrodriguez6b@goo.ne.jp,arcu adipiscing molestie hendrerit at vulputate vitae nisl aenean lectus,Closed,2010-10-16 19:29:07,Martha Rodriguez
2011-10-21 08:19:47,Deborah Bell,aweaver6c@ning.com,feugiat et eros vestibulum,Closed,2011-12-21 08:19:47,Andrew Weaver
2014-11-29 09:02:11,Diane Tucker,bcastillo6d@rakuten.co.jp,ut nulla sed accumsan felis ut,Open,2015-01-29 09:02:11,Brian Castillo
2012-10-26 01:24:50,Janice Romero,hcampbell6e@list-manage.com,justo maecenas rhoncus aliquam lacus morbi quis tortor id nulla,Closed,2012-12-26 01:24:50,Harold Campbell
2009-10-21 04:16:52,Anna Wood,dcox6f@reddit.com,convallis duis consequat dui nec nisi volutpat eleifend donec,Open,2009-12-21 04:16:52,Donald Cox
2011-01-23 00:26:55,Carl Ward,rknight6g@clickbank.net,integer a nibh in quis,Open,2011-03-23 00:26:55,Rose Knight
2013-04-02 23:23:01,Gregory Bishop,panderson6h@bloomberg.com,lorem id ligula suspendisse ornare consequat lectus in est risus,Closed,2013-06-02 23:23:01,Phillip Anderson
2009-11-20 02:10:06,Julia Bryant,lbell6i@vimeo.com,lobortis vel dapibus at diam,Closed,2010-01-20 02:10:06,Louis Bell
2012-06-09 15:23:34,Roy Roberts,lbutler6j@oaic.gov.au,felis fusce posuere felis sed lacus,Open,2012-08-09 15:23:34,Lisa Butler
2015-08-16 19:27:05,Kathryn Jenkins,rfranklin6k@toplist.cz,augue luctus tincidunt nulla mollis molestie lorem quisque ut erat,Closed,2015-10-16 19:27:05,Ryan Franklin
2011-09-15 07:50:34,Ann Kelly,hfuller6l@topsy.com,ut at dolor quis,Open,2011-11-15 07:50:34,Harry Fuller
2011-08-21 17:15:00,Betty Palmer,rnelson6m@wix.com,habitasse platea dictumst maecenas ut massa,Closed,2011-10-21 17:15:00,Roy Nelson
2010-12-20 02:29:04,Roger Fields,cwest6n@google.com.au,dolor sit amet consectetuer adipiscing,Closed,2011-02-20 02:29:04,Carol West
2014-08-20 03:10:24,Alice Porter,rgordon6o@engadget.com,nunc purus phasellus in felis donec semper,Closed,2014-10-20 03:10:24,Rebecca Gordon
2011-06-10 23:12:44,Gregory Fisher,cfernandez6p@phpbb.com,non pretium quis lectus suspendisse potenti in eleifend quam,Closed,2011-08-10 23:12:44,Carolyn Fernandez
2016-01-23 23:40:45,Linda Gardner,dreid6q@ustream.tv,nulla tempus vivamus in felis eu sapien cursus vestibulum proin,Closed,2016-03-23 23:40:45,Donald Reid
2008-09-10 19:45:01,Jeffrey Roberts,hdaniels6r@webmd.com,et eros vestibulum ac est,Closed,2008-11-10 19:45:01,Howard Daniels
2011-03-28 20:20:27,Matthew Gibson,rcooper6s@upenn.edu,consequat dui nec nisi volutpat eleifend donec ut dolor,Closed,2011-05-28 20:20:27,Richard Cooper
2011-09-08 23:27:36,Tammy Lee,hperkins6t@google.fr,molestie nibh in lectus pellentesque at nulla suspendisse potenti,Closed,2011-11-08 23:27:36,Harry Perkins
2011-11-24 14:52:08,Anthony Ferguson,esimpson6u@twitter.com,ridiculus mus vivamus vestibulum sagittis,Closed,2012-01-24 14:52:08,Elizabeth Simpson
2015-03-16 11:18:27,Michelle Dunn,rmurphy6v@indiegogo.com,etiam faucibus cursus urna,Open,2015-05-16 11:18:27,Roger Murphy
2009-09-15 11:24:23,Frank White,mgrant6w@phpbb.com,potenti cras in purus eu magna vulputate,Open,2009-11-15 11:24:23,Mildred Grant
2013-10-03 23:27:12,Ruby Walker,myoung6x@cloudflare.com,eros suspendisse accumsan tortor quis turpis sed ante,Open,2013-12-03 23:27:12,Mary Young
2011-12-06 00:18:39,Mark Woods,award6y@ocn.ne.jp,ut mauris eget massa,Closed,2012-02-06 00:18:39,Arthur Ward
2015-06-02 03:00:58,Julie Collins,kburke6z@msn.com,tortor quis turpis sed ante vivamus tortor duis mattis egestas,Open,2015-08-02 03:00:58,Kevin Burke
2014-01-29 08:19:48,Patrick Lewis,bholmes70@ameblo.jp,lorem ipsum dolor sit amet consectetuer adipiscing,Open,2014-03-29 08:19:48,Benjamin Holmes
2015-11-23 03:48:27,Steven Castillo,crodriguez71@nytimes.com,convallis tortor risus dapibus augue vel accumsan tellus nisi,Closed,2016-01-23 03:48:27,Catherine Rodriguez
2011-08-18 07:57:07,Samuel Reid,mkelly72@mashable.com,nunc commodo placerat praesent,Closed,2011-10-18 07:57:07,Martin Kelly
2010-05-10 10:42:30,Johnny Robinson,jhenry73@about.me,sit amet justo morbi ut odio cras mi,Open,2010-07-10 10:42:30,Janet Henry
2009-07-10 15:46:44,Dennis Bell,gholmes74@upenn.edu,proin risus praesent lectus vestibulum quam,Open,2009-09-10 15:46:44,Gregory Holmes
2016-06-16 00:24:02,Judith Stevens,acarr75@webeden.co.uk,sed nisl nunc rhoncus dui vel,Open,2016-08-16 00:24:02,Arthur Carr
2013-06-19 18:54:28,Mary Price,dburns76@ifeng.com,orci luctus et ultrices posuere,Open,2013-08-19 18:54:28,Dennis Burns
2015-04-15 14:40:14,Kathryn Howell,asmith77@forbes.com,semper porta volutpat quam,Closed,2015-06-15 14:40:14,Andrew Smith
2009-07-21 12:43:50,Cheryl Hudson,jwilliams78@merriam-webster.com,dui nec nisi volutpat eleifend donec ut dolor morbi,Closed,2009-09-21 12:43:50,Jesse Williams
2016-05-14 13:57:27,Timothy Gonzalez,cchavez79@jugem.jp,suscipit ligula in lacus curabitur at,Open,2016-07-14 13:57:27,Clarence Chavez
2010-11-16 20:12:03,Joe Howell,kyoung7a@pagesperso-orange.fr,etiam vel augue vestibulum,Open,2011-01-16 20:12:03,Kathy Young
2009-04-24 20:41:01,Denise Barnes,fsimpson7b@4shared.com,auctor gravida sem praesent id massa id nisl,Open,2009-06-24 20:41:01,Frank Simpson
2010-12-23 09:21:35,Howard Morrison,jnguyen7c@altervista.org,luctus nec molestie sed justo pellentesque viverra pede,Closed,2011-02-23 09:21:35,Jean Nguyen
2008-12-25 00:25:06,Clarence Alexander,fperkins7d@stanford.edu,adipiscing lorem vitae mattis nibh ligula nec sem duis,Closed,2009-02-25 00:25:06,Frank Perkins
2016-01-05 14:23:07,Sharon Thompson,bpeterson7e@rambler.ru,eget elit sodales scelerisque mauris,Open,2016-03-05 14:23:07,Beverly Peterson
2011-10-18 21:00:32,Judith Wright,rgonzalez7f@ifeng.com,primis in faucibus orci luctus et ultrices posuere,Closed,2011-12-18 21:00:32,Ronald Gonzalez
2012-11-14 05:30:26,Henry Carr,nstanley7g@adobe.com,in blandit ultrices enim lorem ipsum,Open,2013-01-14 05:30:26,Nicholas Stanley
2012-07-31 23:05:08,Catherine Patterson,wmorrison7h@naver.com,ridiculus mus etiam vel augue vestibulum,Open,2012-09-30 23:05:08,Wanda Morrison
2013-09-22 13:11:54,Jeremy Carter,etucker7i@cloudflare.com,rutrum nulla nunc purus phasellus in felis donec,Closed,2013-11-22 13:11:54,Edward Tucker
2009-10-09 12:00:27,Christine Ruiz,imcdonald7j@rakuten.co.jp,sollicitudin mi sit amet lobortis sapien sapien non mi,Open,2009-12-09 12:00:27,Irene Mcdonald
2012-05-05 15:46:40,Samuel Bishop,aford7k@uiuc.edu,eu interdum eu tincidunt in leo maecenas,Open,2012-07-05 15:46:40,Andrew Ford
2011-02-08 18:46:25,Angela Greene,bburns7l@hc360.com,eu tincidunt in leo maecenas,Open,2011-04-08 18:46:25,Betty Burns
2009-01-23 09:23:18,James Ellis,mwood7m@upenn.edu,vivamus tortor duis mattis egestas metus aenean,Closed,2009-03-23 09:23:18,Michael Wood
2015-10-14 16:37:27,Randy West,pwilson7n@ibm.com,sed lacus morbi sem,Closed,2015-12-14 16:37:27,Pamela Wilson
2013-12-14 06:05:34,Justin Foster,dlarson7o@springer.com,vestibulum sagittis sapien cum,Open,2014-02-14 06:05:34,Doris Larson
2014-08-18 09:17:35,Ernest Carpenter,fbishop7p@usgs.gov,nulla sed vel enim sit amet nunc viverra dapibus,Open,2014-10-18 09:17:35,Frank Bishop
2010-10-24 06:28:03,David Hansen,bday7q@hubpages.com,nulla justo aliquam quis turpis,Closed,2010-12-24 06:28:03,Bobby Day
2012-07-20 00:53:04,Jacqueline Gutierrez,lmyers7r@elegantthemes.com,nisl ut volutpat sapien arcu sed augue,Open,2012-09-20 00:53:04,Lawrence Myers
2012-01-14 04:47:39,Jonathan Scott,jdunn7s@domainmarket.com,consequat morbi a ipsum integer,Open,2012-03-14 04:47:39,Jacqueline Dunn
2010-11-04 11:58:09,Kenneth Owens,fcastillo7t@engadget.com,eget congue eget semper,Open,2011-01-04 11:58:09,Frances Castillo
2016-07-08 04:03:12,Johnny Morrison,dtorres7u@mayoclinic.com,dis parturient montes nascetur ridiculus mus vivamus vestibulum sagittis sapien,Open,2016-09-08 04:03:12,Debra Torres
2009-05-23 14:18:48,Beverly Perez,awilliams7v@utexas.edu,nulla facilisi cras non velit nec nisi,Closed,2009-07-23 14:18:48,Amanda Williams
2014-03-17 13:43:41,Joe Gibson,fpalmer7w@newsvine.com,odio cras mi pede malesuada in imperdiet et commodo vulputate,Open,2014-05-17 13:43:41,Frank Palmer
2013-11-04 12:43:29,Heather Gonzales,kmedina7x@comcast.net,potenti in eleifend quam a,Closed,2014-01-04 12:43:29,Kathy Medina
2009-05-10 10:33:02,Barbara Henry,gmoreno7y@wsj.com,duis bibendum felis sed interdum venenatis turpis enim blandit mi,Open,2009-07-10 10:33:02,Gerald Moreno
2010-04-21 00:48:23,Richard Richards,ljohnson7z@t.co,sed accumsan felis ut at dolor,Open,2010-06-21 00:48:23,Lori Johnson
2016-07-08 02:08:45,Annie Mitchell,npowell80@prweb.com,mattis nibh ligula nec sem duis aliquam,Closed,2016-09-08 02:08:45,Nicholas Powell
2010-09-22 08:46:46,Gerald Mendoza,jfox81@quantcast.com,nascetur ridiculus mus vivamus vestibulum,Open,2010-11-22 08:46:46,Jeffrey Fox
2016-04-18 12:43:55,Annie Reyes,mlawrence82@ycombinator.com,felis donec semper sapien a libero nam dui proin leo,Open,2016-06-18 12:43:55,Mark Lawrence
2012-10-11 15:25:26,Alan Long,kreyes83@nationalgeographic.com,venenatis non sodales sed tincidunt eu felis fusce posuere,Open,2012-12-11 15:25:26,Keith Reyes
2010-09-04 05:33:50,Benjamin Washington,tfisher84@google.ca,dui proin leo odio porttitor id consequat in,Open,2010-11-04 05:33:50,Todd Fisher
2010-03-14 06:59:30,Frank Bennett,rburns85@lycos.com,elit proin risus praesent lectus vestibulum quam sapien varius,Closed,2010-05-14 06:59:30,Roy Burns
2013-11-20 01:31:51,Arthur Ryan,tmcdonald86@simplemachines.org,fermentum justo nec condimentum neque sapien placerat ante nulla justo,Closed,2014-01-20 01:31:51,Theresa Mcdonald
2009-10-31 06:29:37,Terry Peterson,sfernandez87@tiny.cc,amet eros suspendisse accumsan tortor quis turpis sed ante vivamus,Open,2009-12-31 06:29:37,Steven Fernandez
2015-02-23 02:25:34,Thomas Ramos,mwest88@canalblog.com,mauris sit amet eros suspendisse,Open,2015-04-23 02:25:34,Matthew West
2012-12-09 18:51:56,Paul Burns,bharris89@oakley.com,aliquet ultrices erat tortor sollicitudin mi sit amet,Closed,2013-02-09 18:51:56,Barbara Harris
2014-05-31 06:57:10,Anne Stephens,dkennedy8a@google.ru,suspendisse potenti cras in purus eu,Closed,2014-07-31 06:57:10,Dorothy Kennedy
2013-07-03 20:39:23,Tammy Morrison,jweaver8b@wired.com,at vulputate vitae nisl aenean,Open,2013-09-03 20:39:23,Jonathan Weaver
2011-11-13 02:26:56,Heather Riley,aprice8c@cnet.com,proin eu mi nulla ac enim in tempor turpis nec,Open,2012-01-13 02:26:56,Angela Price
2012-12-05 01:53:09,Brandon Mccoy,whicks8d@bloomberg.com,luctus et ultrices posuere cubilia curae nulla,Open,2013-02-05 01:53:09,Wayne Hicks
2014-08-10 02:34:33,Keith Riley,cdaniels8e@networksolutions.com,a suscipit nulla elit ac,Open,2014-10-10 02:34:33,Charles Daniels
2014-06-08 08:33:06,Maria Shaw,wgreene8f@marketwatch.com,metus sapien ut nunc vestibulum,Open,2014-08-08 08:33:06,Wanda Greene
2015-09-04 17:06:38,Keith Cook,rrivera8g@typepad.com,pharetra magna ac consequat metus,Closed,2015-11-04 17:06:38,Robin Rivera
2010-10-28 03:22:59,Rose Meyer,chansen8h@wisc.edu,congue risus semper porta volutpat,Closed,2010-12-28 03:22:59,Charles Hansen
2009-08-27 22:00:15,Johnny Montgomery,amorris8i@howstuffworks.com,in faucibus orci luctus et ultrices posuere cubilia,Open,2009-10-27 22:00:15,Andrea Morris
2013-10-16 08:09:37,Scott Robertson,rhernandez8j@blogtalkradio.com,lectus in quam fringilla rhoncus mauris enim,Open,2013-12-16 08:09:37,Richard Hernandez
2014-11-03 08:53:56,Linda Carter,sgonzales8k@indiegogo.com,lacinia nisi venenatis tristique fusce congue diam id ornare,Open,2015-01-03 08:53:56,Sara Gonzales
2016-07-21 06:56:30,Daniel Nichols,elarson8l@indiatimes.com,tortor risus dapibus augue vel accumsan tellus,Closed,2016-09-21 06:56:30,Emily Larson
2014-08-06 02:13:42,Daniel Ramirez,smeyer8m@geocities.jp,lectus suspendisse potenti in,Open,2014-10-06 02:13:42,Sharon Meyer
2009-06-23 04:27:24,Mary Dunn,agreen8n@51.la,quisque ut erat curabitur gravida nisi at,Open,2009-08-23 04:27:24,Anthony Green
2010-07-11 14:10:08,Jessica Patterson,mmills8o@diigo.com,in magna bibendum imperdiet nullam orci pede venenatis non sodales,Closed,2010-09-11 14:10:08,Marie Mills
2011-11-27 16:36:50,Rose Harris,gbutler8p@walmart.com,mauris vulputate elementum nullam,Closed,2012-01-27 16:36:50,Gary Butler
2011-09-01 12:09:39,Teresa Moreno,kwarren8q@va.gov,at velit eu est congue elementum,Closed,2011-11-01 12:09:39,Keith Warren
2016-06-16 18:09:46,Ashley King,tdaniels8r@accuweather.com,dis parturient montes nascetur ridiculus mus vivamus vestibulum,Closed,2016-08-16 18:09:46,Tina Daniels
2012-10-10 01:04:54,Evelyn James,dthompson8s@wp.com,vulputate elementum nullam varius,Open,2012-12-10 01:04:54,Deborah Thompson
2014-06-18 16:52:42,Cheryl Russell,bcarr8t@phpbb.com,id sapien in sapien iaculis congue vivamus metus arcu adipiscing,Open,2014-08-18 16:52:42,Bruce Carr
2016-02-16 09:12:38,Gloria Gardner,amoreno8u@netvibes.com,quisque ut erat curabitur gravida nisi,Closed,2016-04-16 09:12:38,Ann Moreno
2009-08-06 18:42:35,Julie Clark,jgilbert8v@istockphoto.com,nisl ut volutpat sapien arcu,Closed,2009-10-06 18:42:35,Janice Gilbert
2015-02-01 13:45:04,Paul Gutierrez,jcastillo8w@bizjournals.com,diam erat fermentum justo nec condimentum neque sapien placerat ante,Closed,2015-04-01 13:45:04,James Castillo
2015-01-25 04:09:44,Laura Bowman,rramos8x@amazon.com,pellentesque ultrices mattis odio donec vitae,Closed,2015-03-25 04:09:44,Rebecca Ramos
2015-06-12 20:11:58,Elizabeth Austin,bpalmer8y@photobucket.com,et ultrices posuere cubilia,Closed,2015-08-12 20:11:58,Bruce Palmer
2016-03-21 03:22:49,Jesse Young,agardner8z@amazon.co.jp,cras non velit nec nisi vulputate,Open,2016-05-21 03:22:49,Andrea Gardner
2014-07-10 03:35:52,Albert Green,hmills90@bloomberg.com,at vulputate vitae nisl,Closed,2014-09-10 03:35:52,Helen Mills
2014-12-15 20:01:46,Bobby Black,jjordan91@springer.com,faucibus cursus urna ut tellus nulla ut erat id,Closed,2015-02-15 20:01:46,Jennifer Jordan
2010-09-18 20:21:23,Brenda Fox,awatkins92@buzzfeed.com,ligula nec sem duis aliquam convallis nunc proin at turpis,Closed,2010-11-18 20:21:23,Angela Watkins
2011-08-30 12:29:48,Ralph Long,mmatthews93@stanford.edu,donec ut mauris eget massa tempor convallis nulla neque libero,Open,2011-10-30 12:29:48,Michelle Matthews
2008-12-10 00:51:15,Phillip Kim,pcollins94@chronoengine.com,cras in purus eu magna vulputate,Closed,2009-02-10 00:51:15,Paul Collins
2014-01-22 23:33:42,Amy Ramirez,gmoore95@wikia.com,sem duis aliquam convallis nunc proin,Open,2014-03-22 23:33:42,Gary Moore
2011-04-03 04:43:43,Jeffrey Schmidt,jholmes96@odnoklassniki.ru,risus praesent lectus vestibulum quam sapien,Closed,2011-06-03 04:43:43,Jeffrey Holmes
2015-04-16 19:39:43,Kathryn James,lgreen97@cdc.gov,habitasse platea dictumst morbi vestibulum velit id pretium,Closed,2015-06-16 19:39:43,Lois Green
2010-04-15 02:33:39,Robin Carter,gcarr98@discuz.net,fusce lacus purus aliquet,Open,2010-06-15 02:33:39,Gregory Carr
2010-02-12 03:47:10,Willie Armstrong,hscott99@lulu.com,augue vestibulum ante ipsum primis in faucibus orci luctus,Closed,2010-04-12 03:47:10,Harold Scott
2011-08-17 14:43:09,Amanda Sullivan,avasquez9a@opera.com,nulla sed accumsan felis ut,Closed,2011-10-17 14:43:09,Annie Vasquez
2015-07-22 03:00:25,Gerald Stewart,alittle9b@so-net.ne.jp,integer tincidunt ante vel ipsum,Closed,2015-09-22 03:00:25,Annie Little
2012-11-21 01:22:20,Sara Perkins,tshaw9c@xing.com,donec quis orci eget orci vehicula condimentum curabitur in,Closed,2013-01-21 01:22:20,Todd Shaw
2010-06-21 00:08:45,Anne Hudson,drobertson9d@va.gov,faucibus accumsan odio curabitur convallis duis consequat dui nec,Closed,2010-08-21 00:08:45,Dorothy Robertson
2012-03-15 07:17:33,Joan Romero,fmatthews9e@sciencedaily.com,suspendisse potenti cras in purus eu magna,Open,2012-05-15 07:17:33,Frank Matthews
2010-05-17 06:00:17,Terry Vasquez,shall9f@usnews.com,ipsum praesent blandit lacinia erat vestibulum sed magna at,Closed,2010-07-17 06:00:17,Shawn Hall
2012-07-22 20:17:11,Rose Robertson,jgray9g@tripadvisor.com,turpis adipiscing lorem vitae mattis nibh ligula nec,Closed,2012-09-22 20:17:11,Joyce Gray
2011-09-17 12:02:00,Louise Black,bedwards9h@webnode.com,at velit vivamus vel nulla,Open,2011-11-17 12:02:00,Bonnie Edwards
2015-07-31 07:36:22,Robin Morris,areyes9i@diigo.com,ac tellus semper interdum,Closed,2015-09-30 07:36:22,Alan Reyes
2014-05-22 04:33:14,William Nguyen,aperry9j@aboutads.info,quisque porta volutpat erat quisque erat eros viverra eget,Closed,2014-07-22 04:33:14,Alice Perry
2013-01-25 21:57:15,Wayne Nguyen,parnold9k@usda.gov,praesent id massa id,Closed,2013-03-25 21:57:15,Peter Arnold
2012-03-11 16:05:03,Kathryn Gomez,egarza9l@cyberchimps.com,dignissim vestibulum vestibulum ante ipsum,Closed,2012-05-11 16:05:03,Evelyn Garza
2014-09-08 21:48:50,Maria Perez,randrews9m@geocities.com,venenatis turpis enim blandit,Open,2014-11-08 21:48:50,Ronald Andrews
2013-04-09 14:49:18,Carlos Lee,tstone9n@illinois.edu,vestibulum ante ipsum primis in faucibus orci luctus et ultrices,Closed,2013-06-09 14:49:18,Timothy Stone
2014-03-02 02:49:43,Virginia Parker,lgreene9o@usatoday.com,velit donec diam neque vestibulum eget vulputate ut,Open,2014-05-02 02:49:43,Lois Greene
2009-10-19 03:10:41,Julia Rogers,jweaver9p@posterous.com,congue eget semper rutrum nulla nunc purus,Open,2009-12-19 03:10:41,Janice Weaver
2008-12-04 10:01:33,Emily Russell,ebryant9q@marketwatch.com,sem mauris laoreet ut,Closed,2009-02-04 10:01:33,Emily Bryant
2015-10-28 03:23:15,Daniel Rodriguez,pperry9r@wisc.edu,semper est quam pharetra magna ac consequat metus sapien ut,Closed,2015-12-28 03:23:15,Paula Perry
2010-07-01 07:14:56,Kimberly Jackson,jgrant9s@apple.com,dapibus at diam nam,Open,2010-09-01 07:14:56,Jonathan Grant
2009-04-17 10:24:40,Betty Scott,hhall9t@privacy.gov.au,magna at nunc commodo placerat praesent blandit nam,Closed,2009-06-17 10:24:40,Heather Hall
2009-03-06 04:23:00,Julie Brooks,hbaker9u@prweb.com,pretium iaculis justo in hac habitasse platea dictumst etiam,Closed,2009-05-06 04:23:00,Harold Baker
2013-07-07 16:44:17,Eric Walker,jfowler9v@statcounter.com,turpis donec posuere metus vitae,Closed,2013-09-07 16:44:17,Jeremy Fowler
2010-07-06 23:38:01,Ralph Boyd,bwells9w@bbb.org,suscipit ligula in lacus curabitur at,Closed,2010-09-06 23:38:01,Barbara Wells
2012-08-04 13:26:01,Marie Parker,dwheeler9x@prweb.com,morbi non quam nec dui luctus rutrum,Open,2012-10-04 13:26:01,Denise Wheeler
2010-01-17 13:08:52,Kathy Sullivan,jreid9y@netvibes.com,vestibulum eget vulputate ut ultrices vel augue vestibulum,Closed,2010-03-17 13:08:52,Joe Reid
2013-02-10 12:18:26,Carlos Stevens,frichards9z@webs.com,massa volutpat convallis morbi odio odio elementum eu,Closed,2013-04-10 12:18:26,Fred Richards
2013-09-01 01:08:09,Jason Holmes,mharrisa0@wired.com,vel nulla eget eros elementum pellentesque quisque porta volutpat,Closed,2013-11-01 01:08:09,Martin Harris
2013-05-18 05:52:16,Dennis Fisher,melliotta1@indiatimes.com,integer aliquet massa id lobortis convallis tortor risus dapibus,Closed,2013-07-18 05:52:16,Martha Elliott
2008-10-27 18:17:37,James Williams,pramireza2@psu.edu,lacus morbi sem mauris,Closed,2008-12-27 18:17:37,Peter Ramirez
2011-08-08 13:27:31,Tina Chapman,arichardsona3@google.fr,curae donec pharetra magna vestibulum aliquet ultrices erat tortor sollicitudin,Closed,2011-10-08 13:27:31,Angela Richardson
2011-10-24 11:59:37,Ryan Bryant,rlyncha4@admin.ch,massa donec dapibus duis at velit eu est congue,Open,2011-12-24 11:59:37,Randy Lynch
2012-09-23 09:40:38,Brandon Smith,pclarka5@gnu.org,tincidunt ante vel ipsum praesent blandit lacinia erat vestibulum,Open,2012-11-23 09:40:38,Phyllis Clark
2008-09-22 12:40:46,Daniel Clark,cruiza6@dailymail.co.uk,non mi integer ac neque,Open,2008-11-22 12:40:46,Craig Ruiz
2012-09-25 14:15:13,Maria Bradley,msancheza7@yahoo.com,sed augue aliquam erat volutpat in congue etiam justo etiam,Closed,2012-11-25 14:15:13,Melissa Sanchez
2012-09-09 22:54:09,Rachel Lane,pgranta8@parallels.com,ultrices posuere cubilia curae,Closed,2012-11-09 22:54:09,Phillip Grant
2010-07-25 03:15:53,Billy Nichols,jfoxa9@macromedia.com,nisl nunc nisl duis bibendum felis sed,Open,2010-09-25 03:15:53,Joe Fox
2012-09-30 08:46:59,Daniel Austin,psullivanaa@altervista.org,metus vitae ipsum aliquam non mauris morbi,Open,2012-11-30 08:46:59,Patricia Sullivan
2013-02-07 03:43:27,Marilyn Henry,jhendersonab@edublogs.org,dapibus augue vel accumsan tellus,Closed,2013-04-07 03:43:27,Joyce Henderson
2016-07-15 09:34:34,Samuel Collins,pmatthewsac@nps.gov,blandit non interdum in ante vestibulum ante ipsum,Closed,2016-09-15 09:34:34,Philip Matthews
2012-08-11 12:14:40,Thomas Flores,rmccoyad@soundcloud.com,purus sit amet nulla,Open,2012-10-11 12:14:40,Roy Mccoy
2009-10-10 01:43:14,Tammy Larson,jriveraae@devhub.com,nulla sed vel enim sit amet nunc viverra dapibus nulla,Open,2009-12-10 01:43:14,Jose Rivera
2015-08-19 12:14:08,Daniel Jackson,mperezaf@accuweather.com,dignissim vestibulum vestibulum ante ipsum primis in faucibus orci,Open,2015-10-19 12:14:08,Margaret Perez
2015-04-30 01:56:54,Mary Parker,kmorrisonag@hostgator.com,nulla integer pede justo lacinia eget tincidunt eget,Closed,2015-06-30 01:56:54,Kelly Morrison
2014-10-08 20:47:56,Jennifer Walker,smorrisonah@wp.com,nulla facilisi cras non,Closed,2014-12-08 20:47:56,Samuel Morrison
2013-01-20 09:33:05,Jeremy Harrison,psnyderai@meetup.com,quam pede lobortis ligula sit amet eleifend pede libero,Closed,2013-03-20 09:33:05,Phyllis Snyder
2014-09-04 21:06:12,Kimberly Reid,cwatsonaj@europa.eu,mattis egestas metus aenean fermentum donec ut mauris eget massa,Closed,2014-11-04 21:06:12,Cynthia Watson
2015-12-11 18:51:24,Kathleen Russell,knicholsak@newsvine.com,vulputate justo in blandit ultrices enim lorem,Open,2016-02-11 18:51:24,Kathleen Nichols
2010-05-15 21:09:33,Eugene Fernandez,hthompsonal@google.co.jp,sit amet cursus id turpis integer aliquet massa id,Closed,2010-07-15 21:09:33,Helen Thompson
2008-10-21 02:36:39,Mark Reid,lmillsam@behance.net,aliquam non mauris morbi non lectus,Closed,2008-12-21 02:36:39,Louise Mills
2012-09-06 07:09:05,Brian Harrison,amillsan@sbwire.com,sit amet erat nulla tempus vivamus in felis eu,Closed,2012-11-06 07:09:05,Alice Mills
2009-07-18 08:25:48,John Mcdonald,epetersonao@bloglines.com,donec quis orci eget orci,Open,2009-09-18 08:25:48,Earl Peterson
2015-11-06 03:22:56,Marilyn George,rrayap@discovery.com,posuere metus vitae ipsum aliquam non,Closed,2016-01-06 03:22:56,Ryan Ray
2010-07-20 10:39:39,Kathy Cooper,dmooreaq@free.fr,nam ultrices libero non mattis pulvinar nulla,Open,2010-09-20 10:39:39,David Moore
2009-05-04 19:43:20,Joyce Hill,dchapmanar@plala.or.jp,consectetuer adipiscing elit proin risus,Closed,2009-07-04 19:43:20,Diane Chapman
2010-03-07 02:28:02,Doris Rose,tgreenas@goodreads.com,vel est donec odio justo sollicitudin,Open,2010-05-07 02:28:02,Tina Green
2013-10-23 15:31:37,Paul Willis,mramosat@time.com,est congue elementum in hac,Open,2013-12-23 15:31:37,Martha Ramos
2015-02-07 13:46:16,Kevin Ellis,mmillsau@moonfruit.com,gravida nisi at nibh in hac habitasse,Closed,2015-04-07 13:46:16,Marie Mills
2014-09-18 20:39:00,Emily Vasquez,gschmidtav@github.com,aliquet massa id lobortis convallis,Open,2014-11-18 20:39:00,Gloria Schmidt
2012-12-18 02:17:48,Jimmy Reyes,aturneraw@springer.com,nisi volutpat eleifend donec ut dolor morbi,Open,2013-02-18 02:17:48,Andrea Turner
2010-12-19 16:18:14,Patrick Shaw,jhenryax@patch.com,velit vivamus vel nulla,Closed,2011-02-19 16:18:14,Johnny Henry
2015-11-01 16:38:38,Carl King,nsimpsonay@dropbox.com,justo in blandit ultrices enim lorem ipsum dolor sit,Closed,2016-01-01 16:38:38,Nicholas Simpson
2012-10-08 16:08:47,Margaret Peters,ewellsaz@google.ru,platea dictumst etiam faucibus cursus urna ut tellus nulla ut,Open,2012-12-08 16:08:47,Earl Wells
2016-01-29 16:19:05,Stephanie Jackson,agreenb0@msn.com,pulvinar lobortis est phasellus sit amet erat nulla tempus vivamus,Open,2016-03-29 16:19:05,Ashley Green
2009-09-26 23:45:01,James Hughes,nstewartb1@angelfire.com,quam nec dui luctus rutrum nulla tellus in sagittis,Open,2009-11-26 23:45:01,Nancy Stewart
2009-04-05 18:49:08,Linda Kelly,kdiazb2@biglobe.ne.jp,cras in purus eu,Open,2009-06-05 18:49:08,Kenneth Diaz
2010-07-19 17:37:11,Alice Garcia,thartb3@craigslist.org,vitae consectetuer eget rutrum at lorem integer,Open,2010-09-19 17:37:11,Terry Hart
2009-07-10 07:52:39,Judith Duncan,arobertsb4@digg.com,interdum eu tincidunt in leo maecenas pulvinar,Closed,2009-09-10 07:52:39,Alan Roberts
2013-07-02 21:08:03,Ashley Kelley,mgarrettb5@goo.gl,volutpat eleifend donec ut dolor morbi vel lectus in quam,Closed,2013-09-02 21:08:03,Martin Garrett
2016-06-27 10:16:22,Roy Chavez,rwilliamsonb6@cbc.ca,ultrices posuere cubilia curae donec pharetra magna vestibulum aliquet,Closed,2016-08-27 10:16:22,Robert Williamson
2013-10-22 06:48:38,Brian Harper,bfranklinb7@nytimes.com,mauris eget massa tempor convallis nulla neque libero convallis eget,Open,2013-12-22 06:48:38,Betty Franklin
2015-02-23 19:16:10,Carol Burke,jarnoldb8@taobao.com,imperdiet sapien urna pretium nisl ut,Open,2015-04-23 19:16:10,Jerry Arnold
2009-04-29 19:55:10,Benjamin Howell,mnicholsb9@printfriendly.com,convallis tortor risus dapibus augue vel accumsan tellus,Open,2009-06-29 19:55:10,Margaret Nichols
2014-05-20 21:55:19,Lori Warren,jnguyenba@springer.com,velit nec nisi vulputate nonummy maecenas,Open,2014-07-20 21:55:19,Jimmy Nguyen
2009-12-29 01:32:25,Harry Chavez,fgibsonbb@economist.com,vitae consectetuer eget rutrum at lorem,Open,2010-02-28 01:32:25,Fred Gibson
2009-10-16 04:08:06,Wanda Ruiz,rpattersonbc@dmoz.org,mollis molestie lorem quisque,Closed,2009-12-16 04:08:06,Robert Patterson
2010-04-05 14:57:23,Dorothy Bell,dkennedybd@berkeley.edu,luctus et ultrices posuere cubilia curae mauris viverra,Open,2010-06-05 14:57:23,David Kennedy
2009-05-12 07:26:03,Julia Rivera,apattersonbe@dot.gov,mi pede malesuada in imperdiet et commodo vulputate justo,Closed,2009-07-12 07:26:03,Albert Patterson
2013-08-09 17:26:12,Lawrence Meyer,cmorrisbf@comcast.net,quis orci eget orci,Closed,2013-10-09 17:26:12,Carolyn Morris
2010-01-18 09:20:48,Sara Austin,edaybg@accuweather.com,nisl aenean lectus pellentesque eget nunc donec quis orci eget,Closed,2010-03-18 09:20:48,Emily Day
2010-08-20 10:52:42,Michael James,spattersonbh@google.de,congue etiam justo etiam pretium iaculis,Closed,2010-10-20 10:52:42,Sean Patterson
2012-09-17 17:03:44,Gary Alvarez,ehendersonbi@ning.com,penatibus et magnis dis parturient montes,Closed,2012-11-17 17:03:44,Edward Henderson
2010-09-05 18:41:17,Susan Murphy,mhunterbj@symantec.com,ipsum primis in faucibus orci luctus,Open,2010-11-05 18:41:17,Marilyn Hunter
2011-06-25 03:26:24,Ralph Hayes,mriverabk@ftc.gov,mattis pulvinar nulla pede ullamcorper augue a,Closed,2011-08-25 03:26:24,Melissa Rivera
2010-01-16 03:54:34,Roger Reyes,dgilbertbl@odnoklassniki.ru,ipsum primis in faucibus,Open,2010-03-16 03:54:34,Donald Gilbert
2011-03-17 17:03:56,Alan Ford,clopezbm@slashdot.org,odio in hac habitasse platea dictumst maecenas ut,Closed,2011-05-17 17:03:56,Cheryl Lopez
2009-10-09 20:42:24,Theresa Johnston,sscottbn@webs.com,congue etiam justo etiam pretium iaculis justo in,Closed,2009-12-09 20:42:24,Samuel Scott
2012-10-04 06:35:24,Antonio Thompson,mwagnerbo@wordpress.com,id lobortis convallis tortor risus dapibus augue,Closed,2012-12-04 06:35:24,Matthew Wagner
2015-03-01 06:52:49,Kathryn Chavez,chartbp@fastcompany.com,justo sollicitudin ut suscipit,Closed,2015-05-01 06:52:49,Catherine Hart
2014-10-20 23:53:41,Douglas Duncan,cwilliamsbq@ted.com,tristique tortor eu pede,Open,2014-12-20 23:53:41,Christopher Williams
2009-08-31 19:34:24,Shawn Williamson,acarrollbr@squidoo.com,vulputate vitae nisl aenean lectus,Closed,2009-10-31 19:34:24,Amanda Carroll
2012-06-07 08:15:15,Peter Dixon,cjacobsbs@hao123.com,rhoncus sed vestibulum sit,Open,2012-08-07 08:15:15,Carl Jacobs
2008-12-12 16:17:02,Albert Palmer,sriverabt@omniture.com,felis fusce posuere felis,Open,2009-02-12 16:17:02,Steve Rivera
2010-03-27 00:01:00,Victor Carr,pruizbu@webeden.co.uk,orci luctus et ultrices posuere cubilia curae duis faucibus,Open,2010-05-27 00:01:00,Paul Ruiz
2010-05-13 10:54:16,Walter Edwards,cpaynebv@cyberchimps.com,curae mauris viverra diam,Open,2010-07-13 10:54:16,Chris Payne
2008-12-19 18:07:40,Timothy Simmons,jsnyderbw@etsy.com,nulla neque libero convallis eget eleifend luctus ultricies eu nibh,Closed,2009-02-19 18:07:40,Janet Snyder
2011-09-06 03:36:06,Marilyn Wilson,kberrybx@instagram.com,sed magna at nunc commodo placerat,Closed,2011-11-06 03:36:06,Katherine Berry
2016-02-28 11:18:47,Julia King,cporterby@msu.edu,eget massa tempor convallis nulla,Open,2016-04-28 11:18:47,Cynthia Porter
2015-12-17 07:47:03,Donna Adams,flawsonbz@imgur.com,odio condimentum id luctus nec molestie sed,Open,2016-02-17 07:47:03,Fred Lawson
2009-11-08 07:48:31,Andrea Henderson,wburtonc0@census.gov,in faucibus orci luctus et ultrices posuere cubilia curae,Open,2010-01-08 07:48:31,Walter Burton
2010-06-22 14:37:43,Marie Wells,jfrazierc1@icq.com,nullam sit amet turpis,Closed,2010-08-22 14:37:43,Jacqueline Frazier
2016-02-08 17:36:30,James White,ckennedyc2@latimes.com,turpis enim blandit mi in porttitor pede justo eu,Open,2016-04-08 17:36:30,Catherine Kennedy
2015-04-26 10:49:47,Sara Wood,gjordanc3@google.com.br,donec vitae nisi nam ultrices,Closed,2015-06-26 10:49:47,Gloria Jordan
2011-01-25 09:28:20,Julie Lynch,bgarzac4@hibu.com,magnis dis parturient montes nascetur ridiculus mus vivamus,Open,2011-03-25 09:28:20,Bonnie Garza
2012-01-17 09:18:53,Amanda Rogers,apetersonc5@washington.edu,orci mauris lacinia sapien quis libero nullam sit amet turpis,Closed,2012-03-17 09:18:53,Arthur Peterson
2010-06-01 20:23:39,Louise Lopez,esullivanc6@drupal.org,nonummy integer non velit donec diam neque vestibulum eget vulputate,Closed,2010-08-01 20:23:39,Ernest Sullivan
2011-10-04 22:08:29,Louis Graham,mlittlec7@hatena.ne.jp,in magna bibendum imperdiet nullam orci pede venenatis non,Closed,2011-12-04 22:08:29,Margaret Little
2009-08-20 19:58:45,Gary Hansen,ggeorgec8@cargocollective.com,hac habitasse platea dictumst etiam faucibus cursus urna ut tellus,Open,2009-10-20 19:58:45,Gary George
2012-11-24 21:24:45,Kevin Duncan,sbradleyc9@bandcamp.com,nisi vulputate nonummy maecenas tincidunt lacus at velit vivamus vel,Open,2013-01-24 21:24:45,Susan Bradley
2010-03-04 03:42:42,Linda Lee,tmcdonaldca@hexun.com,congue vivamus metus arcu adipiscing,Closed,2010-05-04 03:42:42,Theresa Mcdonald
2010-09-01 20:05:13,Juan Sims,rallencb@sourceforge.net,integer ac leo pellentesque ultrices mattis odio,Closed,2010-11-01 20:05:13,Russell Allen
2010-08-04 15:31:48,Amanda Cooper,mrobertsoncc@amazon.de,integer a nibh in quis justo maecenas rhoncus aliquam,Closed,2010-10-04 15:31:48,Margaret Robertson
2009-09-28 01:40:38,Wanda Graham,mharriscd@amazon.de,nunc proin at turpis a pede posuere,Closed,2009-11-28 01:40:38,Marilyn Harris
2010-07-08 10:53:26,Ruby Perez,eevansce@t.co,hac habitasse platea dictumst maecenas ut massa quis,Open,2010-09-08 10:53:26,Eric Evans
2013-04-03 12:49:58,Deborah Arnold,dknightcf@biglobe.ne.jp,maecenas pulvinar lobortis est phasellus sit amet,Open,2013-06-03 12:49:58,Donald Knight
2011-12-12 00:17:22,Earl Murray,jsanderscg@ihg.com,ac est lacinia nisi venenatis tristique fusce congue diam,Closed,2012-02-12 00:17:22,Judy Sanders
2010-11-12 21:43:18,Phillip Brown,rhendersonch@amazon.co.jp,ac tellus semper interdum,Closed,2011-01-12 21:43:18,Rose Henderson
2013-03-24 05:14:27,Ronald Bryant,sbakerci@sbwire.com,donec pharetra magna vestibulum aliquet ultrices erat tortor,Closed,2013-05-24 05:14:27,Steven Baker
2014-10-25 17:38:58,Denise Lawson,mlynchcj@wikipedia.org,sapien non mi integer,Open,2014-12-25 17:38:58,Matthew Lynch
2009-05-22 19:41:02,Fred Perez,ccolemanck@unc.edu,tortor sollicitudin mi sit amet lobortis sapien sapien non,Open,2009-07-22 19:41:02,Christopher Coleman
2009-03-13 15:04:23,Albert Montgomery,jharrisoncl@over-blog.com,odio porttitor id consequat in,Open,2009-05-13 15:04:23,Jason Harrison
2012-10-11 22:26:22,Mildred Ellis,kromerocm@cdbaby.com,ut volutpat sapien arcu sed,Closed,2012-12-11 22:26:22,Kathryn Romero
2014-01-14 11:09:34,Martin Wells,gdeancn@timesonline.co.uk,porta volutpat quam pede,Open,2014-03-14 11:09:34,George Dean
2014-02-15 23:26:41,Gloria Nguyen,jfrazierco@thetimes.co.uk,in purus eu magna vulputate luctus,Closed,2014-04-15 23:26:41,Judy Frazier
2015-10-05 19:08:46,Dennis Nelson,jpricecp@last.fm,urna ut tellus nulla ut erat id mauris,Open,2015-12-05 19:08:46,Juan Price
2015-03-14 02:48:25,Walter Armstrong,pleecq@ow.ly,nec dui luctus rutrum nulla,Closed,2015-05-14 02:48:25,Pamela Lee
2015-10-25 09:13:37,Judy Medina,ksmithcr@posterous.com,in libero ut massa volutpat convallis morbi odio,Open,2015-12-25 09:13:37,Kenneth Smith
2009-02-02 20:08:08,Kevin Grant,agilbertcs@dion.ne.jp,morbi non quam nec dui luctus rutrum nulla,Closed,2009-04-02 20:08:08,Amanda Gilbert
2011-05-28 03:53:45,Jack Cole,rtuckerct@mapy.cz,nulla neque libero convallis eget eleifend,Closed,2011-07-28 03:53:45,Ryan Tucker
2011-08-27 02:22:22,Anthony Perry,dgomezcu@elegantthemes.com,pulvinar nulla pede ullamcorper augue a suscipit,Open,2011-10-27 02:22:22,Daniel Gomez
2009-06-15 00:40:20,Sean Collins,hhallcv@friendfeed.com,elementum nullam varius nulla facilisi cras non velit,Closed,2009-08-15 00:40:20,Helen Hall
2008-09-10 09:14:00,Ann Hunt,arosscw@hugedomains.com,pellentesque ultrices mattis odio donec vitae nisi nam ultrices libero,Closed,2008-11-10 09:14:00,Annie Ross
2015-02-01 05:03:33,Marilyn Hanson,dkellycx@plala.or.jp,pellentesque viverra pede ac diam,Closed,2015-04-01 05:03:33,Diana Kelly
2014-05-30 03:14:54,Mary Perkins,arobertsoncy@google.ca,morbi vestibulum velit id pretium iaculis diam erat,Open,2014-07-30 03:14:54,Annie Robertson
2010-09-25 05:05:53,Amanda Campbell,sbaileycz@google.de,penatibus et magnis dis,Closed,2010-11-25 05:05:53,Shirley Bailey
2014-01-05 19:13:42,Laura Lynch,kwashingtond0@scientificamerican.com,ut massa quis augue luctus tincidunt nulla mollis molestie,Open,2014-03-05 19:13:42,Karen Washington
2009-10-04 13:33:06,Phyllis Daniels,llarsond1@webmd.com,vestibulum velit id pretium iaculis diam erat fermentum justo nec,Closed,2009-12-04 13:33:06,Linda Larson
2012-07-16 17:00:35,Christine Fox,aturnerd2@flavors.me,rhoncus mauris enim leo rhoncus,Open,2012-09-16 17:00:35,Aaron Turner
2012-05-15 09:52:10,Jennifer Gonzalez,kchapmand3@mit.edu,urna ut tellus nulla ut erat id mauris vulputate,Closed,2012-07-15 09:52:10,Kathleen Chapman
2009-05-19 02:25:48,Anthony Torres,cperezd4@wufoo.com,ut at dolor quis odio consequat,Open,2009-07-19 02:25:48,Carol Perez
2014-10-22 19:37:48,Jennifer Henderson,psimsd5@msn.com,ut mauris eget massa tempor convallis nulla neque,Closed,2014-12-22 19:37:48,Paul Sims
2014-11-12 12:36:34,Gregory Mccoy,bhansend6@imageshack.us,phasellus sit amet erat nulla tempus vivamus in felis eu,Closed,2015-01-12 12:36:34,Benjamin Hansen
2009-08-05 07:27:35,Martha Long,mdanielsd7@wp.com,aliquet at feugiat non,Open,2009-10-05 07:27:35,Marilyn Daniels
2012-01-05 22:19:28,Maria Gutierrez,dwilliamsd8@samsung.com,nec condimentum neque sapien placerat ante nulla justo aliquam,Closed,2012-03-05 22:19:28,Daniel Williams
2010-12-21 13:33:59,Janice Brooks,dfernandezd9@printfriendly.com,diam id ornare imperdiet sapien,Open,2011-02-21 13:33:59,David Fernandez
2013-09-29 01:01:35,Gerald Washington,edavisda@imdb.com,sapien in sapien iaculis congue vivamus metus,Closed,2013-11-29 01:01:35,Eric Davis
2010-05-14 18:44:59,Harry Spencer,acastillodb@yahoo.co.jp,erat tortor sollicitudin mi sit amet lobortis,Open,2010-07-14 18:44:59,Andrew Castillo
2012-09-14 20:37:40,Ashley Hill,rrogersdc@so-net.ne.jp,imperdiet sapien urna pretium nisl ut volutpat sapien arcu sed,Closed,2012-11-14 20:37:40,Richard Rogers
2015-01-06 20:34:11,Sean Torres,mmoralesdd@squarespace.com,nulla ultrices aliquet maecenas leo odio condimentum id luctus nec,Closed,2015-03-06 20:34:11,Melissa Morales
2009-02-21 18:25:48,Virginia Stanley,rhayesde@yandex.ru,erat curabitur gravida nisi at nibh in hac habitasse platea,Open,2009-04-21 18:25:48,Ruby Hayes
2015-12-08 13:50:23,Karen Wells,rcruzdf@geocities.com,amet consectetuer adipiscing elit proin,Closed,2016-02-08 13:50:23,Richard Cruz
2016-01-08 22:40:35,Billy Warren,jedwardsdg@w3.org,tellus in sagittis dui vel nisl duis ac,Open,2016-03-08 22:40:35,Jeffrey Edwards
2009-04-25 00:43:19,Mildred Wagner,greiddh@cnet.com,leo odio porttitor id consequat in consequat,Closed,2009-06-25 00:43:19,George Reid
2008-11-22 21:10:59,Bonnie Hughes,clawsondi@ca.gov,ligula sit amet eleifend pede libero quis orci nullam,Closed,2009-01-22 21:10:59,Craig Lawson
2015-05-27 10:42:03,Ruth Gray,agrahamdj@1688.com,mauris sit amet eros suspendisse accumsan,Open,2015-07-27 10:42:03,Anthony Graham
2011-02-04 22:47:53,Earl Hansen,jwalkerdk@wiley.com,integer pede justo lacinia eget tincidunt,Closed,2011-04-04 22:47:53,Jonathan Walker
2010-07-14 16:18:02,Raymond Franklin,rsandersdl@globo.com,posuere felis sed lacus morbi sem,Closed,2010-09-14 16:18:02,Roy Sanders
2014-02-01 10:30:51,Rachel Ramos,spricedm@sourceforge.net,magna vulputate luctus cum sociis natoque,Closed,2014-04-01 10:30:51,Sandra Price
2015-09-21 02:00:48,Stephanie Myers,grusselldn@cam.ac.uk,pretium quis lectus suspendisse,Closed,2015-11-21 02:00:48,Gregory Russell
2013-10-26 14:44:10,Arthur Ramos,aortizdo@bing.com,luctus nec molestie sed justo,Closed,2013-12-26 14:44:10,Arthur Ortiz
2009-05-05 16:02:05,Jonathan Bryant,nmitchelldp@twitter.com,sapien varius ut blandit non interdum in ante,Closed,2009-07-05 16:02:05,Nicole Mitchell
2012-04-22 12:03:42,Wayne Kelley,dwilliamsdq@go.com,ultrices aliquet maecenas leo odio condimentum id luctus nec molestie,Closed,2012-06-22 12:03:42,Donna Williams
2012-06-14 19:29:55,Ashley Lawson,tfowlerdr@cornell.edu,nulla quisque arcu libero rutrum,Open,2012-08-14 19:29:55,Tina Fowler
2016-09-04 11:00:58,Phillip Murphy,dsmithds@sogou.com,interdum mauris non ligula,Open,2016-11-04 11:00:58,David Smith
2012-11-25 11:12:26,Irene Larson,jwilliamsondt@barnesandnoble.com,ut erat id mauris vulputate elementum nullam varius,Closed,2013-01-25 11:12:26,Julie Williamson
2010-05-06 15:49:31,Gregory Arnold,dtuckerdu@adobe.com,eu mi nulla ac enim in tempor,Closed,2010-07-06 15:49:31,Deborah Tucker
2011-12-13 14:12:47,Kimberly Arnold,bfullerdv@printfriendly.com,arcu sed augue aliquam erat volutpat in congue etiam,Open,2012-02-13 14:12:47,Brenda Fuller
2013-08-22 12:53:21,Dorothy Williamson,lraydw@ucsd.edu,cras mi pede malesuada in imperdiet et,Closed,2013-10-22 12:53:21,Larry Ray
2012-01-12 21:42:55,Steve Ford,aharrisdx@ustream.tv,proin interdum mauris non ligula pellentesque ultrices phasellus id,Closed,2012-03-12 21:42:55,Anna Harris
2014-12-01 07:28:08,Donna Hart,dharrisdy@bravesites.com,faucibus accumsan odio curabitur,Closed,2015-02-01 07:28:08,Diane Harris
2010-12-09 05:03:18,Albert Wells,cbennettdz@kickstarter.com,eu felis fusce posuere felis sed lacus,Closed,2011-02-09 05:03:18,Carl Bennett
2012-09-08 12:22:42,John Jacobs,jmatthewse0@zdnet.com,proin leo odio porttitor id consequat,Open,2012-11-08 12:22:42,Judith Matthews
2016-02-19 07:09:55,Karen Morrison,bandersone1@reddit.com,nulla quisque arcu libero rutrum ac lobortis vel,Closed,2016-04-19 07:09:55,Bonnie Anderson
2010-10-08 11:00:34,Jerry Austin,mfreemane2@va.gov,placerat ante nulla justo aliquam quis turpis eget elit,Open,2010-12-08 11:00:34,Mark Freeman
2012-12-20 04:51:36,Robert Stevens,cdixone3@walmart.com,at velit vivamus vel,Open,2013-02-20 04:51:36,Catherine Dixon
2012-12-31 17:26:56,Betty Thompson,swillise4@phoca.cz,dui vel sem sed,Closed,2013-02-28 17:26:56,Sharon Willis
2016-05-04 07:54:35,Walter Frazier,khernandeze5@imgur.com,id consequat in consequat,Closed,2016-07-04 07:54:35,Katherine Hernandez
2011-07-12 03:37:55,Lori Olson,jpalmere6@google.com.hk,nam dui proin leo odio porttitor id consequat in,Closed,2011-09-12 03:37:55,Jimmy Palmer
2014-06-04 05:32:00,Anthony Mitchell,dweavere7@meetup.com,metus sapien ut nunc vestibulum,Open,2014-08-04 05:32:00,Diane Weaver
2009-11-07 00:50:36,Joyce Phillips,fcolemane8@xing.com,elementum pellentesque quisque porta volutpat erat quisque,Closed,2010-01-07 00:50:36,Frank Coleman
2013-11-27 16:13:36,Betty Cruz,gcolee9@linkedin.com,ornare imperdiet sapien urna pretium,Open,2014-01-27 16:13:36,George Cole
2008-10-18 19:21:44,Cynthia Reid,cmasonea@ted.com,integer ac leo pellentesque ultrices mattis,Open,2008-12-18 19:21:44,Christopher Mason
2014-12-25 00:10:08,Cynthia Oliver,estanleyeb@google.com,eu mi nulla ac enim in tempor turpis nec euismod,Closed,2015-02-25 00:10:08,Edward Stanley
2013-06-23 18:51:03,Laura Morris,carnoldec@ezinearticles.com,et magnis dis parturient montes,Closed,2013-08-23 18:51:03,Carolyn Arnold
2010-12-23 06:57:08,Sean Adams,planeed@addthis.com,adipiscing molestie hendrerit at,Closed,2011-02-23 06:57:08,Paula Lane
2014-11-27 07:36:46,Sean Mcdonald,kberryee@pen.io,non mi integer ac neque duis bibendum morbi non,Closed,2015-01-27 07:36:46,Kathryn Berry
2016-07-29 15:14:45,Carolyn Moore,bwilliamsonef@xrea.com,turpis nec euismod scelerisque quam turpis adipiscing,Open,2016-09-29 15:14:45,Beverly Williamson
2014-08-31 23:59:59,Tammy Diaz,bjohnsoneg@vistaprint.com,aliquam quis turpis eget elit sodales scelerisque,Closed,2014-10-31 23:59:59,Beverly Johnson
2014-12-28 22:25:48,Gary Henry,kmillereh@storify.com,et eros vestibulum ac est lacinia,Closed,2015-02-28 22:25:48,Kevin Miller
2013-02-23 06:20:43,Linda Lane,ariveraei@barnesandnoble.com,ultrices posuere cubilia curae donec,Open,2013-04-23 06:20:43,Ashley Rivera
2009-12-29 21:27:17,Peter Welch,fcunninghamej@google.es,purus eu magna vulputate luctus cum sociis natoque penatibus et,Closed,2010-02-28 21:27:17,Frank Cunningham
2010-12-13 15:02:49,Janice Martinez,srayek@mtv.com,nec condimentum neque sapien placerat ante nulla,Open,2011-02-13 15:02:49,Sean Ray
2012-08-11 06:31:11,Diane Jones,plawsonel@hp.com,auctor sed tristique in tempus sit amet sem fusce consequat,Closed,2012-10-11 06:31:11,Patricia Lawson
2013-05-18 04:33:08,Christina Hamilton,mgeorgeem@toplist.cz,augue quam sollicitudin vitae consectetuer eget rutrum at lorem integer,Closed,2013-07-18 04:33:08,Mary George
2016-03-11 15:26:19,Diana Young,aelliotten@etsy.com,mattis odio donec vitae nisi nam ultrices libero non mattis,Open,2016-05-11 15:26:19,Amanda Elliott
2014-05-26 08:16:42,Emily Morris,kwardeo@shareasale.com,leo pellentesque ultrices mattis odio,Closed,2014-07-26 08:16:42,Kathleen Ward
2010-04-25 05:26:37,Lillian Morgan,gsullivanep@cnn.com,vitae ipsum aliquam non mauris,Open,2010-06-25 05:26:37,Gary Sullivan
2014-05-02 20:42:08,George Perry,bowenseq@mashable.com,fermentum justo nec condimentum neque,Closed,2014-07-02 20:42:08,Barbara Owens
2015-09-01 19:42:58,Alan Bowman,tdunner@cbslocal.com,rutrum ac lobortis vel dapibus at diam nam tristique tortor,Open,2015-11-01 19:42:58,Thomas Dunn
2009-02-11 13:10:22,Thomas Ramirez,frogerses@shareasale.com,nisl aenean lectus pellentesque eget nunc donec quis,Closed,2009-04-11 13:10:22,Frances Rogers
2009-06-20 00:55:14,Ralph Nguyen,khowardet@buzzfeed.com,et tempus semper est quam pharetra magna ac,Closed,2009-08-20 00:55:14,Kathleen Howard
2011-06-18 10:47:59,Carlos Palmer,drosseu@msn.com,augue a suscipit nulla elit ac nulla sed vel enim,Open,2011-08-18 10:47:59,Deborah Ross
2011-01-02 07:29:14,Robert Brown,afranklinev@domainmarket.com,ultrices erat tortor sollicitudin mi,Closed,2011-03-02 07:29:14,Ann Franklin
2008-10-15 09:22:25,Norma Washington,rgarciaew@tinyurl.com,luctus et ultrices posuere cubilia curae donec pharetra,Open,2008-12-15 09:22:25,Richard Garcia
2012-12-18 08:25:01,Lori James,dbrooksex@ca.gov,luctus rutrum nulla tellus in sagittis dui vel nisl duis,Closed,2013-02-18 08:25:01,Debra Brooks
2015-02-23 10:31:29,Ronald Stanley,ttorresey@spotify.com,lacus curabitur at ipsum ac tellus semper,Open,2015-04-23 10:31:29,Theresa Torres
2009-04-05 05:22:02,Kevin Elliott,lbrooksez@qq.com,nulla facilisi cras non velit nec nisi vulputate nonummy maecenas,Open,2009-06-05 05:22:02,Louis Brooks
2012-03-16 13:49:21,Evelyn Welch,aparkerf0@printfriendly.com,nullam porttitor lacus at turpis,Closed,2012-05-16 13:49:21,Amanda Parker
2009-07-17 02:58:24,Linda Burns,rmyersf1@vkontakte.ru,curae nulla dapibus dolor vel est donec odio,Closed,2009-09-17 02:58:24,Robin Myers
2010-05-29 11:50:08,Lisa Sanchez,efieldsf2@wiley.com,praesent lectus vestibulum quam sapien varius ut blandit non,Closed,2010-07-29 11:50:08,Ernest Fields
2014-12-13 21:43:03,Eric Castillo,rortizf3@phoca.cz,nisl nunc nisl duis,Open,2015-02-13 21:43:03,Robin Ortiz
2014-04-15 03:27:15,Patrick Walker,cpetersf4@shutterfly.com,pharetra magna ac consequat,Closed,2014-06-15 03:27:15,Chris Peters
2012-05-27 09:19:02,Sarah Williams,rhernandezf5@time.com,hendrerit at vulputate vitae nisl,Closed,2012-07-27 09:19:02,Roger Hernandez
2015-06-27 08:46:15,Rachel Wood,gfranklinf6@harvard.edu,proin at turpis a pede posuere nonummy,Open,2015-08-27 08:46:15,Gerald Franklin
2015-05-30 04:42:48,Jason Castillo,parmstrongf7@google.cn,sit amet nulla quisque,Open,2015-07-30 04:42:48,Peter Armstrong
2013-03-01 19:32:14,Fred Hawkins,dtuckerf8@gnu.org,est lacinia nisi venenatis tristique fusce congue,Open,2013-05-01 19:32:14,Dennis Tucker
2010-03-12 17:50:27,Pamela Cox,crosef9@a8.net,id sapien in sapien,Closed,2010-05-12 17:50:27,Cynthia Rose
2014-10-01 12:00:39,Michelle Alvarez,gmcdonaldfa@jalbum.net,duis ac nibh fusce lacus purus,Open,2014-12-01 12:00:39,George Mcdonald
2012-09-22 14:32:57,Amy Rogers,kallenfb@vk.com,vel enim sit amet nunc viverra dapibus nulla suscipit,Closed,2012-11-22 14:32:57,Karen Allen
2014-11-21 16:26:54,Joseph Gomez,mrosefc@bluehost.com,consequat lectus in est risus auctor sed,Open,2015-01-21 16:26:54,Melissa Rose
2013-10-31 17:20:26,Irene Ross,nmyersfd@flickr.com,congue eget semper rutrum,Closed,2013-12-31 17:20:26,Nicholas Myers
2009-02-23 14:26:24,Diane Shaw,jhillfe@over-blog.com,tincidunt eget tempus vel pede,Open,2009-04-23 14:26:24,Joan Hill
2009-10-19 17:17:13,Nicole Fox,lmendozaff@dropbox.com,pretium iaculis justo in hac habitasse,Open,2009-12-19 17:17:13,Lois Mendoza
2010-02-06 20:58:31,Amanda Anderson,rcastillofg@skype.com,viverra diam vitae quam suspendisse potenti nullam porttitor lacus,Open,2010-04-06 20:58:31,Rose Castillo
2015-12-26 16:36:04,Julie Wood,elawrencefh@pbs.org,dis parturient montes nascetur ridiculus mus vivamus vestibulum sagittis,Open,2016-02-26 16:36:04,Ernest Lawrence
2015-09-10 00:00:37,Ashley Cole,hmartinfi@jiathis.com,augue vestibulum rutrum rutrum neque aenean auctor,Open,2015-11-10 00:00:37,Heather Martin
2015-11-20 12:29:34,Bruce Davis,doliverfj@bravesites.com,curae duis faucibus accumsan odio curabitur convallis duis consequat dui,Closed,2016-01-20 12:29:34,Donna Oliver
2015-10-13 05:14:08,David Price,mkellyfk@comsenz.com,est et tempus semper est quam pharetra magna,Closed,2015-12-13 05:14:08,Mary Kelly
2013-03-05 16:23:01,Harry Morris,wbrownfl@ucla.edu,non sodales sed tincidunt,Open,2013-05-05 16:23:01,Willie Brown
2015-12-17 17:07:09,Arthur Bradley,ajacksonfm@icio.us,erat id mauris vulputate elementum nullam varius nulla,Open,2016-02-17 17:07:09,Anna Jackson
2012-11-03 04:52:47,Mildred Harper,tpetersonfn@newyorker.com,habitasse platea dictumst maecenas ut massa quis augue luctus,Closed,2013-01-03 04:52:47,Timothy Peterson
2013-02-09 11:45:31,Benjamin Bowman,dhicksfo@naver.com,sit amet diam in magna bibendum,Open,2013-04-09 11:45:31,Dennis Hicks
2013-05-13 23:02:56,Earl Palmer,cburtonfp@51.la,dis parturient montes nascetur ridiculus mus vivamus vestibulum sagittis,Open,2013-07-13 23:02:56,Carlos Burton
2013-05-28 22:36:38,Susan Jordan,jhendersonfq@bbb.org,id ligula suspendisse ornare,Open,2013-07-28 22:36:38,Jimmy Henderson
2013-12-11 01:03:46,Keith Parker,ecastillofr@ft.com,ligula pellentesque ultrices phasellus,Closed,2014-02-11 01:03:46,Edward Castillo
2009-02-14 08:41:40,Ernest Berry,jgarrettfs@sphinn.com,at turpis donec posuere metus,Open,2009-04-14 08:41:40,Jose Garrett
2014-12-26 22:27:57,Kelly Lawson,msnyderft@twitter.com,sodales scelerisque mauris sit amet eros suspendisse accumsan tortor,Open,2015-02-26 22:27:57,Mark Snyder
2015-03-14 11:59:55,Catherine Oliver,rfergusonfu@about.com,elit ac nulla sed vel enim sit,Open,2015-05-14 11:59:55,Raymond Ferguson
2011-08-11 09:31:46,Gary Morrison,agarzafv@latimes.com,semper est quam pharetra magna ac consequat metus,Closed,2011-10-11 09:31:46,Alan Garza
2014-06-03 04:02:58,Cheryl Schmidt,cpetersonfw@gmpg.org,morbi vel lectus in quam fringilla rhoncus mauris,Open,2014-08-03 04:02:58,Charles Peterson
2013-09-14 15:11:41,Steven Burke,kbutlerfx@shareasale.com,blandit ultrices enim lorem ipsum dolor sit amet consectetuer,Open,2013-11-14 15:11:41,Kathryn Butler
2011-11-20 07:41:10,Sandra Arnold,bperryfy@amazon.co.jp,sem sed sagittis nam congue risus semper porta volutpat quam,Closed,2012-01-20 07:41:10,Billy Perry
2012-12-26 01:58:03,Amanda Jacobs,dcookfz@who.int,cursus id turpis integer aliquet massa id lobortis,Closed,2013-02-26 01:58:03,David Cook
2009-10-16 13:06:52,Randy Lopez,rhuntg0@netlog.com,ultrices posuere cubilia curae mauris viverra diam,Closed,2009-12-16 13:06:52,Russell Hunt
2011-11-15 07:26:53,Roy Austin,dgarzag1@irs.gov,at nibh in hac habitasse platea,Closed,2012-01-15 07:26:53,Diana Garza
2010-02-02 20:18:17,Carol Patterson,ablackg2@dailymotion.com,ligula suspendisse ornare consequat lectus in est risus auctor,Open,2010-04-02 20:18:17,Alice Black
2009-03-31 08:16:59,Kelly Payne,astephensg3@360.cn,rhoncus dui vel sem sed sagittis nam congue risus semper,Open,2009-05-31 08:16:59,Ann Stephens
2009-10-10 15:06:48,Margaret Schmidt,talleng4@sogou.com,aliquet pulvinar sed nisl nunc rhoncus dui vel sem,Closed,2009-12-10 15:06:48,Theresa Allen
2010-04-20 09:56:37,Pamela Wood,pstephensg5@cnn.com,volutpat eleifend donec ut dolor,Closed,2010-06-20 09:56:37,Paul Stephens
2015-02-25 02:09:14,Melissa Carroll,aolsong6@yahoo.com,eu tincidunt in leo maecenas pulvinar lobortis est phasellus,Closed,2015-04-25 02:09:14,Angela Olson
2014-04-09 08:29:07,Brenda Howell,shamiltong7@sphinn.com,fermentum justo nec condimentum neque sapien placerat ante,Closed,2014-06-09 08:29:07,Sara Hamilton
2013-05-31 02:45:33,Amy Armstrong,jjenkinsg8@utexas.edu,diam in magna bibendum imperdiet nullam,Open,2013-07-31 02:45:33,Julie Jenkins
2015-05-01 13:40:52,Laura Kennedy,hknightg9@blogspot.com,urna pretium nisl ut volutpat sapien arcu,Open,2015-07-01 13:40:52,Heather Knight
2009-03-09 07:42:23,Catherine Perkins,jfordga@techcrunch.com,velit eu est congue elementum in hac habitasse,Closed,2009-05-09 07:42:23,Jack Ford
2015-02-24 22:46:28,Jeffrey Lynch,ncoopergb@unblog.fr,morbi vestibulum velit id pretium,Open,2015-04-24 22:46:28,Norma Cooper
2014-12-18 08:20:37,Pamela Cook,srichardsongc@wisc.edu,augue vel accumsan tellus nisi eu orci mauris lacinia sapien,Closed,2015-02-18 08:20:37,Shawn Richardson
2011-05-09 10:51:19,Elizabeth Holmes,sbutlergd@miibeian.gov.cn,sed sagittis nam congue,Closed,2011-07-09 10:51:19,Sarah Butler
2011-02-23 22:43:05,Diane Matthews,rbellge@springer.com,eu orci mauris lacinia sapien,Closed,2011-04-23 22:43:05,Ryan Bell
2016-07-27 14:22:01,Scott Wheeler,dgordongf@vkontakte.ru,donec quis orci eget orci,Closed,2016-09-27 14:22:01,Donna Gordon
2016-02-03 17:35:30,Kelly Grant,bwellsgg@ask.com,eros suspendisse accumsan tortor quis,Open,2016-04-03 17:35:30,Brandon Wells
2010-07-05 11:44:51,Matthew Montgomery,ngilbertgh@latimes.com,in sapien iaculis congue vivamus metus arcu adipiscing molestie hendrerit,Open,2010-09-05 11:44:51,Nicholas Gilbert
2011-06-25 12:57:58,Louis Henry,sshawgi@newyorker.com,accumsan tortor quis turpis sed ante vivamus tortor duis mattis,Closed,2011-08-25 12:57:58,Sharon Shaw
2014-03-05 17:56:51,Ryan Thompson,ehallgj@hubpages.com,posuere felis sed lacus morbi sem mauris laoreet,Open,2014-05-05 17:56:51,Evelyn Hall
2011-07-18 20:00:23,Amy Wells,sscottgk@wordpress.org,convallis eget eleifend luctus ultricies,Closed,2011-09-18 20:00:23,Shirley Scott
2012-05-12 15:20:54,Clarence Cooper,shansongl@elegantthemes.com,lacinia aenean sit amet justo morbi ut odio,Open,2012-07-12 15:20:54,Sean Hanson
2014-05-27 00:01:55,Raymond Ray,amooregm@multiply.com,quis tortor id nulla ultrices aliquet maecenas leo odio condimentum,Open,2014-07-27 00:01:55,Albert Moore
2012-04-01 05:25:46,Kathryn Alvarez,tblackgn@addthis.com,volutpat eleifend donec ut dolor,Closed,2012-06-01 05:25:46,Terry Black
